YEAR,MODEL,TRIM,Model #,NET,HB,INVOICE,MSRP,BDC,24-36,37-48,49-60,61-72,DEALER,OTHER,LEASE,24/12K,27/12K,30/12K,33/12K,36/12K,39/12K,42/12K,45/12K,48/12K,24/10K,27/10K,30/10K,33/10K,36/10K,39/10K,42/10K,45/10K,48/10K,24/15K,27/15K,30/15K,33/15K,36/15K,39/15K,42/15K,45/15K,48/15K,24-36,37-48,49-60,61-72,659-610 24-36,659-610 37-60,659-610 61-72,Finance Expires,>660,Lease 659 - 610,One pay>660,One pay 659 - 610,Lease Expires
2020,FIT,LX Manual,GK5G4LEW,"$16,595.28 ",$323.80 ,"$16,919 ","$17,145 ",SOLD OUT,,,,,$750 ,,,68%,67%,65%,63%,62%,60%,58%,56%,54%,69%,68%,66%,64%,63%,61%,59%,57%,55%,67%,66%,64%,62%,60%,58%,56%,54%,52%,,,,,,,,N/A,,,0.00001,0.00001,N/A
2020,FIT,LX,GK5H4LEW,"$17,354.53 ",$339.80 ,"$17,694 ","$17,945 ",SOLD OUT,,,,,$750 ,,,68%,67%,65%,63%,62%,60%,58%,56%,54%,69%,68%,66%,64%,63%,61%,59%,57%,55%,67%,66%,64%,62%,60%,58%,56%,54%,52%,,,,,,,,N/A,,,0.00001,0.00001,N/A
2020,FIT,SPORT Manual,GK5G6LEW,"$17,933.46 ",$352.00 ,"$18,285 ","$18,555 ",SOLD OUT,,,,,$750 ,,,68%,67%,65%,63%,62%,60%,58%,56%,54%,69%,68%,66%,64%,63%,61%,59%,57%,55%,67%,66%,64%,62%,60%,58%,56%,54%,52%,,,,,,,,N/A,,,0.00001,0.00001,N/A
2020,FIT,SPORT,GK5H6LEW,"$18,692.70 ",$368.00 ,"$19,061 ","$19,355 ",SOLD OUT,,,,,$750 ,,,68%,67%,65%,63%,62%,60%,58%,56%,54%,69%,68%,66%,64%,63%,61%,59%,57%,55%,67%,66%,64%,62%,60%,58%,56%,54%,52%,,,,,,,,N/A,,,0.00001,0.00001,N/A
2020,FIT,EX,GK5H8LJW,"$19,319.08 ",$381.20 ,"$19,700 ","$20,015 ",SOLD OUT,,,,,$750 ,,,67%,66%,64%,62%,61%,59%,57%,55%,53%,68%,67%,65%,63%,62%,60%,58%,56%,54%,66%,65%,63%,61%,59%,57%,55%,53%,51%,,,,,,,,N/A,,,0.00001,0.00001,N/A
2020,FIT,EXL,GK5H9LJNW,"$20,799.62 ",$412.40 ,"$21,212 ","$21,575 ",SOLD OUT,,,,,$750 ,,,67%,66%,64%,62%,61%,59%,57%,55%,53%,68%,67%,65%,63%,62%,60%,58%,56%,54%,66%,65%,63%,61%,59%,57%,55%,53%,51%,,,,,,,,N/A,,,0.00001,0.00001,N/A
2020,CIVIC COUPE,LX 2.0,FC4B6LEW,"$20,297.09 ",$421.00 ,"$20,718 ","$22,005 ",SOLD OUT,,,,,"$2,000 ",,,62%,61%,60%,58%,57%,55%,53%,51%,49%,63%,62%,61%,59%,58%,56%,54%,52%,50%,61%,60%,59%,57%,55%,53%,51%,49%,47%,,,,,,,,N/A,,,0.00001,0.00001,N/A
2020,CIVIC COUPE,SPORT 2.0 Manual,FC4A8LEW,"$21,021.73 ",$437.00 ,"$21,459 ","$22,805 ",SOLD OUT,,,,,"$2,000 ",,,64%,63%,62%,60%,59%,57%,55%,53%,51%,65%,64%,63%,61%,60%,58%,56%,54%,52%,63%,62%,61%,59%,57%,55%,53%,51%,49%,,,,,,,,N/A,,,0.00001,0.00001,N/A
2020,CIVIC COUPE,SPORT 2.0,FC4B8LEW,"$21,746.37 ",$453.00 ,"$22,199 ","$23,605 ",SOLD OUT,,,,,"$2,000 ",,,64%,63%,62%,60%,59%,57%,55%,53%,51%,65%,64%,63%,61%,60%,58%,56%,54%,52%,63%,62%,61%,59%,57%,55%,53%,51%,49%,,,,,,,,N/A,,,0.00001,0.00001,N/A
2020,CIVIC COUPE,EX 1.5T,FC3B3LJW,"$22,606.88 ",$472.00 ,"$23,079 ","$24,555 ",SOLD OUT,,,,,"$2,000 ",,,64%,63%,62%,60%,59%,57%,55%,53%,51%,65%,64%,63%,61%,60%,58%,56%,54%,52%,63%,62%,61%,59%,57%,55%,53%,51%,49%,,,,,,,,N/A,,,0.00001,0.00001,N/A
2020,CIVIC COUPE,TOUR 1.5T,FC3B9LKNW,"$25,913.05 ",$545.00 ,"$26,458 ","$28,205 ",SOLD OUT,,,,,"$2,000 ",,,61%,60%,59%,57%,56%,54%,52%,50%,48%,62%,61%,60%,58%,57%,55%,53%,51%,49%,60%,59%,58%,56%,54%,52%,50%,48%,46%,,,,,,,,N/A,,,0.00001,0.00001,N/A
2020,CIVIC COUPE,SI 1.5T Coupe,FC3A5LJXW,"$24,056.16 ",$504.00 ,"$24,560 ","$26,155 ",SOLD OUT,,,,,"$2,000 ",,,66%,65%,64%,62%,61%,59%,57%,55%,53%,67%,66%,65%,63%,62%,60%,58%,56%,54%,65%,64%,63%,61%,59%,57%,55%,53%,51%,,,,,,,,N/A,,,0.00001,0.00001,N/A
2020,CIVIC COUPE,SI HFP 1.5T Coupe,FC3A5LJW,"$24,237.32 ",$508.00 ,"$24,745 ","$26,355 ",SOLD OUT,,,,,"$2,000 ",,,66%,65%,64%,62%,61%,59%,57%,55%,53%,67%,66%,65%,63%,62%,60%,58%,56%,54%,65%,64%,63%,61%,59%,57%,55%,53%,51%,,,,,,,,N/A,,,0.00001,0.00001,N/A
2020,CIVIC SEDAN,LX 2.0 Manual,FC2E6LEW,"$19,346.00 ",$400.00 ,"$19,746 ","$20,955 ",SOLD OUT,,,,,"$2,000 ",,,64%,63%,61%,59%,58%,56%,54%,52%,50%,65%,64%,62%,60%,59%,57%,55%,53%,51%,63%,62%,60%,58%,56%,54%,52%,50%,48%,,,,,,,,N/A,,,0.00001,0.00001,N/A
2020,CIVIC SEDAN,LX 2.0,FC2F6LEW,"$20,070.64 ",$416.00 ,"$20,487 ","$21,755 ",SOLD OUT,,,,,"$2,000 ",,,64%,63%,61%,59%,58%,56%,54%,52%,50%,65%,64%,62%,60%,59%,57%,55%,53%,51%,63%,62%,60%,58%,56%,54%,52%,50%,48%,,,,,,,,N/A,,,0.00001,0.00001,N/A
2020,CIVIC SEDAN,SPORT 2.0 Manual,FC2E8LEW,"$20,976.44 ",$436.00 ,"$21,412 ","$22,755 ",SOLD OUT,,,,,"$2,000 ",,,66%,65%,63%,61%,60%,58%,56%,54%,52%,67%,66%,64%,62%,61%,59%,57%,55%,53%,65%,64%,62%,60%,58%,56%,54%,52%,50%,,,,,,,,N/A,,,0.00001,0.00001,N/A
2020,CIVIC SEDAN,SPORT 2.0,FC2F8LEW,"$21,701.08 ",$452.00 ,"$22,153 ","$23,555 ",SOLD OUT,,,,,"$2,000 ",,,66%,65%,63%,61%,60%,58%,56%,54%,52%,67%,66%,64%,62%,61%,59%,57%,55%,53%,65%,64%,62%,60%,58%,56%,54%,52%,50%,,,,,,,,N/A,,,0.00001,0.00001,N/A
2020,CIVIC SEDAN,EX 1.5T,FC1F3LJW,"$22,923.91 ",$479.00 ,"$23,403 ","$24,905 ",SOLD OUT,,,,,"$2,000 ",,,65%,64%,62%,60%,59%,57%,55%,53%,51%,66%,65%,63%,61%,60%,58%,56%,54%,52%,64%,63%,61%,59%,57%,55%,53%,51%,49%,,,,,,,,N/A,,,0.00001,0.00001,N/A
2020,CIVIC SEDAN,EXL 1.5T,FC1F7LJNW,"$24,010.87 ",$503.00 ,"$24,514 ","$26,105 ",SOLD OUT,,,,,"$2,000 ",,,64%,63%,61%,59%,58%,56%,54%,52%,50%,65%,64%,62%,60%,59%,57%,55%,53%,51%,63%,62%,60%,58%,56%,54%,52%,50%,48%,,,,,,,,N/A,,,0.00001,0.00001,N/A
2020,CIVIC SEDAN,TOURING 1.5T,FC1F9LKNW,"$26,456.53 ",$557.00 ,"$27,014 ","$28,805 ",SOLD OUT,,,,,"$2,000 ",,,62%,61%,59%,57%,56%,54%,52%,50%,48%,63%,62%,60%,58%,57%,55%,53%,51%,49%,61%,60%,58%,56%,54%,52%,50%,48%,46%,,,,,,,,N/A,,,0.00001,0.00001,N/A
2020,CIVIC SEDAN,SI 1.5T Sedan,FC1E5LJXW,"$24,056.16 ",$504.00 ,"$24,560 ","$26,155 ",SOLD OUT,,,,,"$2,000 ",,,68%,67%,65%,63%,62%,60%,58%,56%,54%,69%,68%,66%,64%,63%,61%,59%,57%,55%,67%,66%,64%,62%,60%,58%,56%,54%,52%,,,,,,,,N/A,,,0.00001,0.00001,N/A
2020,CIVIC SEDAN,SI HFP 1.5T Sedan,FC1E5LJW,"$24,237.32 ",$508.00 ,"$24,745 ","$26,355 ",SOLD OUT,,,,,"$2,000 ",,,68%,67%,65%,63%,62%,60%,58%,56%,54%,69%,68%,66%,64%,63%,61%,59%,57%,55%,67%,66%,64%,62%,60%,58%,56%,54%,52%,,,,,,,,N/A,,,0.00001,0.00001,N/A
2020,CIVIC HATCH,LX,FK7H3LEW,"$20,931.15 ",$435.00 ,"$21,366 ","$22,705 ",SOLD OUT,,,,,,,,62%,61%,60%,58%,57%,55%,53%,51%,49%,63%,62%,61%,59%,58%,56%,54%,52%,50%,61%,60%,59%,57%,55%,53%,51%,49%,47%,,,,,,,,N/A,,,0.00001,0.00001,N/A
2020,CIVIC HATCH,SPORT Manual,FK7G4LEW,"$21,927.53 ",$457.00 ,"$22,385 ","$23,805 ",SOLD OUT,,,,,,,,64%,63%,62%,60%,59%,57%,55%,53%,51%,65%,64%,63%,61%,60%,58%,56%,54%,52%,63%,62%,61%,59%,57%,55%,53%,51%,49%,,,,,,,,N/A,,,0.00001,0.00001,N/A
2020,CIVIC HATCH,SPORT,FK7H4LEW,"$22,652.17 ",$473.00 ,"$23,125 ","$24,605 ",SOLD OUT,,,,,,,,64%,63%,62%,60%,59%,57%,55%,53%,51%,65%,64%,63%,61%,60%,58%,56%,54%,52%,63%,62%,61%,59%,57%,55%,53%,51%,49%,,,,,,,,N/A,,,0.00001,0.00001,N/A
2020,CIVIC HATCH,EX,FK7H6LJW,"$23,195.65 ",$485.00 ,"$23,681 ","$25,205 ",SOLD OUT,,,,,,,,64%,63%,62%,60%,59%,57%,55%,53%,51%,65%,64%,63%,61%,60%,58%,56%,54%,52%,63%,62%,61%,59%,57%,55%,53%,51%,49%,,,,,,,,N/A,,,0.00001,0.00001,N/A
2020,CIVIC HATCH,EXL,FK7H8LJNW,"$24,282.61 ",$509.00 ,"$24,792 ","$26,405 ",SOLD OUT,,,,,,,,61%,60%,59%,57%,56%,54%,52%,50%,48%,62%,61%,60%,58%,57%,55%,53%,51%,49%,60%,59%,58%,56%,54%,52%,50%,48%,46%,,,,,,,,N/A,,,0.00001,0.00001,N/A
2020,CIVIC HATCH,SPORT TOUR Manual,FK7G9LKNW,"$26,728.27 ",$563.00 ,"$27,291 ","$29,105 ",SOLD OUT,,,,,,,,60%,59%,58%,56%,55%,53%,51%,49%,47%,61%,60%,59%,57%,56%,54%,52%,50%,48%,59%,58%,57%,55%,53%,51%,49%,47%,45%,,,,,,,,N/A,,,0.00001,0.00001,N/A
2020,CIVIC HATCH,SPORT TOUR,FK7H9LKNW,"$27,452.91 ",$579.00 ,"$28,032 ","$29,905 ",SOLD OUT,,,,,,,,60%,59%,58%,56%,55%,53%,51%,49%,47%,61%,60%,59%,57%,56%,54%,52%,50%,48%,59%,58%,57%,55%,53%,51%,49%,47%,45%,,,,,,,,N/A,,,0.00001,0.00001,N/A
2020,CIVIC TYPE R,TYPE R Touring,FK8G7LGW,"$28,259.67 ","$7,220.30 ","$35,480 ","$361,970 ",,,,,,,,,68%,67%,66%,64%,63%,61%,59%,57%,55%,69%,68%,67%,65%,64%,62%,60%,58%,56%,67%,66%,65%,63%,61%,59%,57%,55%,53%,,,,,,,,N/A,,,0.00001,0.00001,N/A
2020,ACCORD SEDAN,LX 1.5T,CV1F1LEW,"$22,881.29 ",$485.40 ,"$23,367 ","$25,225 ",SOLD OUT,,,,,"$2,000 ",,,62%,61%,59%,57%,56%,54%,52%,50%,48%,63%,62%,60%,58%,57%,55%,53%,51%,49%,61%,60%,58%,56%,54%,52%,50%,48%,46%,,,,,,,,N/A,,,0.00001,0.00001,N/A
2020,ACCORD SEDAN,SPORT 1.5T Manual,CV1E3LEW,"$25,298.88 ",$539.60 ,"$25,838 ","$27,935 ",SOLD OUT,,,,,"$2,000 ",,,63%,62%,60%,58%,57%,55%,53%,51%,49%,64%,63%,61%,59%,58%,56%,54%,52%,50%,62%,61%,59%,57%,55%,53%,51%,49%,47%,,,,,,,,N/A,,,0.00001,0.00001,N/A
2020,ACCORD SEDAN,SPORT 1.5T,CV1F3LEW,"$25,298.88 ",$539.60 ,"$25,838 ","$27,935 ",SOLD OUT,,,,,"$2,000 ",,,63%,62%,60%,58%,57%,55%,53%,51%,49%,64%,63%,61%,59%,58%,56%,54%,52%,50%,62%,61%,59%,57%,55%,53%,51%,49%,47%,,,,,,,,N/A,,,0.00001,0.00001,N/A
2020,ACCORD SEDAN,EX 1.5T,CV1F4LJW,"$26,271.28 ",$561.40 ,"$26,833 ","$29,025 ",SOLD OUT,,,,,"$2,000 ",,,61%,60%,58%,56%,55%,53%,51%,49%,47%,62%,61%,59%,57%,56%,54%,52%,50%,48%,60%,59%,57%,55%,53%,51%,49%,47%,45%,,,,,,,,N/A,,,0.00001,0.00001,N/A
2020,ACCORD SEDAN,EXL 1.5T,CV1F5LJNW,"$28,501.53 ",$611.40 ,"$29,113 ","$31,525 ",SOLD OUT,,,,,"$2,000 ",,,61%,60%,58%,56%,55%,53%,51%,49%,47%,62%,61%,59%,57%,56%,54%,52%,50%,48%,60%,59%,57%,55%,53%,51%,49%,47%,45%,,,,,,,,N/A,,,0.00001,0.00001,N/A
2020,ACCORD SEDAN,SPORT 2.0 Manual,CV2E3LJW,"$29,340.10 ",$630.20 ,"$29,970 ","$32,465 ",SOLD OUT,,,,,"$2,000 ",,,62%,61%,59%,57%,56%,54%,52%,50%,48%,63%,62%,60%,58%,57%,55%,53%,51%,49%,61%,60%,58%,56%,54%,52%,50%,48%,46%,,,,,,,,N/A,,,0.00001,0.00001,N/A
2020,ACCORD SEDAN,SPORT 2.0T,CV2F3LJW,"$29,340.10 ",$630.20 ,"$29,970 ","$32,465 ",SOLD OUT,,,,,"$2,000 ",,,62%,61%,59%,57%,56%,54%,52%,50%,48%,63%,62%,60%,58%,57%,55%,53%,51%,49%,61%,60%,58%,56%,54%,52%,50%,48%,46%,,,,,,,,N/A,,,0.00001,0.00001,N/A
2020,ACCORD SEDAN,EXL 2.0T,CV2F5LJNW,"$30,285.73 ",$651.40 ,"$30,937 ","$33,525 ",SOLD OUT,,,,,"$2,000 ",,,60%,59%,57%,55%,54%,52%,50%,48%,46%,61%,60%,58%,56%,55%,53%,51%,49%,47%,59%,58%,56%,54%,52%,50%,48%,46%,44%,,,,,,,,N/A,,,0.00001,0.00001,N/A
2020,ACCORD SEDAN,TOURING 2.0T,CV2F9LKNW,"$33,702.48 ",$728.00 ,"$34,430 ","$37,355 ",SOLD OUT,,,,,"$2,000 ",,,61%,60%,58%,56%,55%,53%,51%,49%,47%,62%,61%,59%,57%,56%,54%,52%,50%,48%,60%,59%,57%,55%,53%,51%,49%,47%,45%,,,,,,,,N/A,,,0.00001,0.00001,N/A
2020,ACCORD HYBRID,BASE,CV3F1LEW,"$24,308.65 ",$517.40 ,"$24,826 ","$26,825 ",SOLD OUT,,,,,"$2,000 ",,,62%,61%,59%,57%,56%,54%,52%,50%,48%,63%,62%,60%,58%,57%,55%,53%,51%,49%,61%,60%,58%,56%,54%,52%,50%,48%,46%,,,,,,,,N/A,,,0.00001,0.00001,N/A
2020,ACCORD HYBRID,EX,CV3F4LJW,"$27,698.64 ",$593.40 ,"$28,292 ","$30,625 ",SOLD OUT,,,,,"$2,000 ",,,61%,60%,58%,56%,55%,53%,51%,49%,47%,62%,61%,59%,57%,56%,54%,52%,50%,48%,60%,59%,57%,55%,53%,51%,49%,47%,45%,,,,,,,,N/A,,,0.00001,0.00001,N/A
2020,ACCORD HYBRID,EXL,CV3F5LJNW,"$29,928.89 ",$643.40 ,"$30,572 ","$33,125 ",SOLD OUT,,,,,"$2,000 ",,,59%,58%,56%,54%,53%,51%,49%,47%,45%,60%,59%,57%,55%,54%,52%,50%,48%,46%,58%,57%,55%,53%,51%,49%,47%,45%,43%,,,,,,,,N/A,,,0.00001,0.00001,N/A
2020,ACCORD HYBRID,TOURING,CV3F9LKNW,"$32,846.06 ",$708.80 ,"$33,555 ","$36,395 ",SOLD OUT,,,,,"$2,000 ",,,58%,57%,55%,53%,52%,50%,48%,46%,44%,59%,58%,56%,54%,53%,51%,49%,47%,45%,57%,56%,54%,52%,50%,48%,46%,44%,42%,,,,,,,,N/A,,,0.00001,0.00001,N/A
2020,INSIGHT,LX,ZE4F1LEW,"$21,999.99 ",$458.60 ,"$22,459 ","$23,885 ",SOLD OUT,,,,,"$1,500 ",,,56%,55%,54%,52%,51%,49%,47%,45%,43%,57%,56%,55%,53%,52%,50%,48%,46%,44%,55%,54%,53%,51%,49%,47%,45%,43%,41%,,,,,,,,N/A,,,0.00001,0.00001,N/A
2020,INSIGHT,EX,ZE4F5LEW,"$23,250.00 ",$486.20 ,"$23,736 ","$25,265 ",SOLD OUT,,,,,"$1,500 ",,,57%,56%,55%,53%,52%,50%,48%,46%,44%,58%,57%,56%,54%,53%,51%,49%,47%,45%,56%,55%,54%,52%,50%,48%,46%,44%,42%,,,,,,,,N/A,,,0.00001,0.00001,N/A
2020,INSIGHT,TOURING,ZE4F9LKNW,"$26,900.37 ",$566.80 ,"$27,467 ","$29,295 ",SOLD OUT,,,,,"$1,500 ",,,56%,55%,54%,52%,51%,49%,47%,45%,43%,57%,56%,55%,53%,52%,50%,48%,46%,44%,55%,54%,53%,51%,49%,47%,45%,43%,41%,,,,,,,,N/A,,,0.00001,0.00001,N/A
2020,CLARITY,PHEV,ZC5F1LEW,"$32,515.78 ",$668.00 ,"$33,184 ","$34,355 ",,,,,,"$7,500 ",,,47%,46%,45%,43%,42%,40%,38%,36%,34%,48%,47%,46%,44%,43%,41%,39%,37%,35%,46%,45%,44%,42%,40%,38%,36%,34%,32%,,,,,,,,N/A,,,0.00001,0.00001,N/A
2020,CLARITY,TOURING,ZC5F3LGW,"$35,513.22 ",$732.00 ,"$36,245 ","$37,555 ",,,,,,"$7,500 ",,,46%,45%,44%,42%,41%,39%,37%,35%,33%,47%,46%,45%,43%,42%,40%,38%,36%,34%,45%,44%,43%,41%,39%,37%,35%,33%,31%,,,,,,,,N/A,,,0.00001,0.00001,N/A
2020,HRV AWD,LX,RU6H3LEW,"$22,672.93 ",$448.40 ,"$23,121 ","$23,540 ",SOLD OUT,,,,,"$1,500 ",,,65%,64%,62%,60%,59%,57%,55%,53%,50%,66%,65%,63%,61%,60%,58%,56%,54%,51%,64%,63%,61%,59%,57%,55%,53%,51%,48%,,,,,,,,N/A,,,0.00001,0.00001,N/A
2020,HRV AWD,SPORT,RU6H1LEW,"$24,286.33 ",$482.40 ,"$24,769 ","$25,240 ",SOLD OUT,,,,,"$1,500 ",,,65%,64%,62%,60%,59%,57%,55%,53%,50%,66%,65%,63%,61%,60%,58%,56%,54%,51%,64%,63%,61%,59%,57%,55%,53%,51%,48%,,,,,,,,N/A,,,0.00001,0.00001,N/A
2020,HRV AWD,EX,RU6H5LJW,"$25,662.46 ",$511.40 ,"$26,174 ","$26,690 ",SOLD OUT,,,,,"$1,500 ",,,63%,62%,60%,58%,57%,55%,53%,51%,48%,64%,63%,61%,59%,58%,56%,54%,52%,49%,62%,61%,59%,57%,55%,53%,51%,49%,46%,,,,,,,,N/A,,,0.00001,0.00001,N/A
2020,HRV AWD,EXL,RU6H7LJNW,"$27,180.96 ",$543.40 ,"$27,724 ","$28,290 ",SOLD OUT,,,,,"$1,500 ",,,63%,62%,60%,58%,57%,55%,53%,51%,48%,64%,63%,61%,59%,58%,56%,54%,52%,49%,62%,61%,59%,57%,55%,53%,51%,49%,46%,,,,,,,,N/A,,,0.00001,0.00001,N/A
2020,HRV AWD,TOURING,RU6H9LKNW,"$28,908.25 ",$579.80 ,"$29,488 ","$30,110 ",SOLD OUT,,,,,"$1,500 ",,,62%,61%,59%,57%,56%,54%,52%,50%,47%,63%,62%,60%,58%,57%,55%,53%,51%,48%,61%,60%,58%,56%,54%,52%,50%,48%,45%,,,,,,,,N/A,,,0.00001,0.00001,N/A
2020,CRV AWD,LX 2.4,RW2H2LEW,"$25,809.07 ",$533.00 ,"$26,342 ","$27,770 ",SOLD OUT,,,,,"$2,000 ",,,66%,65%,63%,61%,60%,58%,56%,54%,52%,67%,66%,64%,62%,61%,59%,57%,55%,53%,65%,64%,62%,60%,58%,56%,54%,52%,50%,,,,,,,,N/A,,,0.00001,0.00001,N/A
2020,CRV AWD,EX 1.5T,RW2H5LJW,"$28,108.48 ",$583.20 ,"$28,692 ","$30,280 ",SOLD OUT,,,,,"$2,000 ",,,67%,66%,64%,62%,61%,59%,57%,55%,53%,68%,67%,65%,63%,62%,60%,58%,56%,54%,66%,65%,63%,61%,59%,57%,55%,53%,51%,,,,,,,,N/A,,,0.00001,0.00001,N/A
2020,CRV AWD,EXL 1.5T,RW2H8LJNW,"$30,389.57 ",$633.00 ,"$31,023 ","$32,770 ",SOLD OUT,,,,,"$2,000 ",,,67%,66%,64%,62%,61%,59%,57%,55%,53%,68%,67%,65%,63%,62%,60%,58%,56%,54%,66%,65%,63%,61%,59%,57%,55%,53%,51%,,,,,,,,N/A,,,0.00001,0.00001,N/A
2020,CRV AWD,TOURING 1.5T,RW2H9LKNW,"$33,321.09 ",$697.00 ,"$34,018 ","$35,970 ",SOLD OUT,,,,,"$2,000 ",,,67%,66%,64%,62%,61%,59%,57%,55%,53%,68%,67%,65%,63%,62%,60%,58%,56%,54%,66%,65%,63%,61%,59%,57%,55%,53%,51%,,,,,,,,N/A,,,0.00001,0.00001,N/A
2020,CRV AWD,LX HYBRID,RT6H2LEW,"$26,908.39 ",$557.00 ,"$27,465 ","$28,970 ",SOLD OUT,,,,,"$2,000 ",,,69%,68%,66%,64%,63%,61%,59%,57%,55%,70%,69%,67%,65%,64%,62%,60%,58%,56%,68%,67%,65%,63%,61%,59%,57%,55%,53%,,,,,,,,N/A,,,0.00001,0.00001,N/A
2020,CRV AWD,EX HYBRID,RT6H5LJW,"$29,207.80 ",$607.20 ,"$29,815 ","$31,480 ",SOLD OUT,,,,,"$2,000 ",,,69%,68%,66%,64%,63%,61%,59%,57%,55%,70%,69%,67%,65%,64%,62%,60%,58%,56%,68%,67%,65%,63%,61%,59%,57%,55%,53%,,,,,,,,N/A,,,0.00001,0.00001,N/A
2020,CRV AWD,EXL HYBRID,RT6H8LJNW,"$31,488.89 ",$657.00 ,"$32,146 ","$33,970 ",SOLD OUT,,,,,"$2,000 ",,,68%,67%,65%,63%,62%,60%,58%,56%,54%,69%,68%,66%,64%,63%,61%,59%,57%,55%,67%,66%,64%,62%,60%,58%,56%,54%,52%,,,,,,,,N/A,,,0.00001,0.00001,N/A
2020,CRV AWD,TOUR HYBRID,RT6H9LKNW,"$34,420.41 ",$721.00 ,"$35,141 ","$37,170 ",SOLD OUT,,,,,"$2,000 ",,,68%,67%,65%,63%,62%,60%,58%,56%,54%,69%,68%,66%,64%,63%,61%,59%,57%,55%,67%,66%,64%,62%,60%,58%,56%,54%,52%,,,,,,,,N/A,,,0.00001,0.00001,N/A
2020,ODYSSEY,LX,RL6H2LEW,"$28,862.79 ",$615.80 ,"$29,479 ","$31,910 ",SOLD OUT,,,,,"$1,750 ",,,60%,59%,57%,55%,54%,52%,50%,48%,46%,61%,60%,58%,56%,55%,53%,51%,49%,47%,59%,58%,56%,54%,52%,50%,48%,46%,44%,,,,,,,,N/A,,,0.00001,0.00001,N/A
2020,ODYSSEY,EX,RL6H5LEXW,"$32,431.19 ",$695.80 ,"$33,127 ","$35,910 ",SOLD OUT,,,,,"$1,750 ",,,61%,60%,58%,56%,55%,53%,51%,49%,47%,62%,61%,59%,57%,56%,54%,52%,50%,48%,60%,59%,57%,55%,53%,51%,49%,47%,45%,,,,,,,,N/A,,,0.00001,0.00001,N/A
2020,ODYSSEY,EXL,RL6H7LJXW,"$35,348.36 ",$761.20 ,"$36,110 ","$39,180 ",SOLD OUT,,,,,"$1,750 ",,,62%,61%,59%,57%,56%,54%,52%,50%,48%,63%,62%,60%,58%,57%,55%,53%,51%,49%,61%,60%,58%,56%,54%,52%,50%,48%,46%,,,,,,,,N/A,,,0.00001,0.00001,N/A
2020,ODYSSEY,EXL Res & Nav,RL6H7LKNW,"$37,221.78 ",$803.20 ,"$38,025 ","$41,280 ",SOLD OUT,,,,,"$1,750 ",,,61%,60%,58%,56%,55%,53%,51%,49%,47%,62%,61%,59%,57%,56%,54%,52%,50%,48%,60%,59%,57%,55%,53%,51%,49%,47%,45%,,,,,,,,N/A,,,0.00001,0.00001,N/A
2020,ODYSSEY,Touring,RL6H8LKXW,"$41,593.07 ",$901.20 ,"$42,494 ","$46,180 ",SOLD OUT,,,,,"$1,750 ",,,62%,61%,59%,57%,56%,54%,52%,50%,48%,63%,62%,60%,58%,57%,55%,53%,51%,49%,61%,60%,58%,56%,54%,52%,50%,48%,46%,,,,,,,,N/A,,,0.00001,0.00001,N/A
2020,ODYSSEY,Elite,RL6H9LKXW,"$43,698.43 ",$948.40 ,"$44,647 ","$48,540 ",SOLD OUT,,,,,"$1,750 ",,,59%,58%,56%,54%,53%,51%,49%,47%,45%,60%,59%,57%,55%,54%,52%,50%,48%,46%,58%,57%,55%,53%,51%,49%,47%,45%,43%,,,,,,,,N/A,,,0.00001,0.00001,N/A
2020,PASSPORT AWD,SPORT,YF8H2LEW,"$31,717.51 ",$679.80 ,"$32,397 ","$35,110 ",SOLD OUT,,,,,"$1,500 ",,,68%,67%,65%,63%,62%,60%,58%,56%,53%,69%,68%,66%,64%,63%,61%,59%,57%,54%,67%,66%,64%,62%,60%,58%,56%,54%,51%,,,,,,,,N/A,,,0.00001,0.00001,N/A
2020,PASSPORT AWD,EXL,YF8H5LJNW,"$35,660.60 ",$768.20 ,"$36,429 ","$39,530 ",SOLD OUT,,,,,"$1,500 ",,,67%,66%,64%,62%,61%,59%,57%,55%,52%,68%,67%,65%,63%,62%,60%,58%,56%,53%,66%,65%,63%,61%,59%,57%,55%,53%,50%,,,,,,,,N/A,,,0.00001,0.00001,N/A
2020,PASSPORT AWD,TOURING,YF8H9LKNW,"$38,220.93 ",$825.60 ,"$39,047 ","$42,400 ",SOLD OUT,,,,,"$1,500 ",,,66%,65%,63%,61%,60%,58%,56%,54%,51%,67%,66%,64%,62%,61%,59%,57%,55%,52%,65%,64%,62%,60%,58%,56%,54%,52%,49%,,,,,,,,N/A,,,0.00001,0.00001,N/A
2020,PASSPORT AWD,ELITE,YF8H0LKNW,"$40,451.18 ",$875.60 ,"$41,327 ","$44,900 ",SOLD OUT,,,,,"$1,500 ",,,64%,63%,61%,59%,58%,56%,54%,52%,49%,65%,64%,62%,60%,59%,57%,55%,53%,50%,63%,62%,60%,58%,56%,54%,52%,50%,47%,,,,,,,,N/A,,,0.00001,0.00001,N/A
2020,PILOT AWD,LX,YF6H1LEW,"$31,414.20 ",$673.00 ,"$32,087 ","$34,770 ",SOLD OUT,,,,,"$3,000 ",,,61%,60%,58%,56%,55%,53%,51%,49%,46%,62%,61%,59%,57%,56%,54%,52%,50%,47%,60%,59%,57%,55%,53%,51%,49%,47%,44%,,,,,,,,N/A,,,0.00001,0.00001,N/A
2020,PILOT AWD,EX,YF6H3LEXW,"$33,983.45 ",$730.60 ,"$34,714 ","$37,650 ",SOLD OUT,,,,,"$3,000 ",,,62%,61%,59%,57%,56%,54%,52%,50%,47%,63%,62%,60%,58%,57%,55%,53%,51%,48%,61%,60%,58%,56%,54%,52%,50%,48%,45%,,,,,,,,N/A,,,0.00001,0.00001,N/A
2020,PILOT AWD,EX-L,YF6H5LJNW,"$37,043.36 ",$799.20 ,"$37,843 ","$41,080 ",SOLD OUT,,,,,"$3,000 ",,,63%,62%,60%,58%,57%,55%,53%,51%,48%,64%,63%,61%,59%,58%,56%,54%,52%,49%,62%,61%,59%,57%,55%,53%,51%,49%,46%,,,,,,,,N/A,,,0.00001,0.00001,N/A
2020,PILOT AWD,EX-L NAV & RES,YF6H4LKNW,"$38,827.56 ",$839.20 ,"$39,667 ","$43,080 ",SOLD OUT,,,,,"$3,000 ",,,62%,61%,59%,57%,56%,54%,52%,50%,47%,63%,62%,60%,58%,57%,55%,53%,51%,48%,61%,60%,58%,56%,54%,52%,50%,48%,45%,,,,,,,,N/A,,,0.00001,0.00001,N/A
2020,PILOT AWD,TRG 8 Pass.,YF6H9LKNW,"$41,289.76 ",$894.40 ,"$42,184 ","$45,840 ",SOLD OUT,,,,,"$3,000 ",,,62%,61%,59%,57%,56%,54%,52%,50%,47%,63%,62%,60%,58%,57%,55%,53%,51%,48%,61%,60%,58%,56%,54%,52%,50%,48%,45%,,,,,,,,N/A,,,0.00001,0.00001,N/A
2020,PILOT AWD,TRG 7 Pass.,YF6H6LKNW,"$41,557.39 ",$900.40 ,"$42,458 ","$46,140 ",SOLD OUT,,,,,"$3,000 ",,,62%,61%,59%,57%,56%,54%,52%,50%,47%,63%,62%,60%,58%,57%,55%,53%,51%,48%,61%,60%,58%,56%,54%,52%,50%,48%,45%,,,,,,,,N/A,,,0.00001,0.00001,N/A
2020,PILOT AWD,ELITE,YF6H0LKNW,"$44,412.11 ",$964.40 ,"$45,377 ","$49,340 ",SOLD OUT,,,,,"$3,000 ",,,61%,60%,58%,56%,55%,53%,51%,49%,46%,62%,61%,59%,57%,56%,54%,52%,50%,47%,60%,59%,57%,55%,53%,51%,49%,47%,44%,,,,,,,,N/A,,,0.00001,0.00001,N/A
2020,PILOT AWD,BLACK EDITION,YF6H7LKXW,"$45,750.26 ",$994.40 ,"$46,745 ","$50,840 ",SOLD OUT,,,,,"$3,000 ",,,61%,60%,58%,56%,55%,53%,51%,49%,46%,62%,61%,59%,57%,56%,54%,52%,50%,47%,60%,59%,57%,55%,53%,51%,49%,47%,44%,,,,,,,,N/A,,,0.00001,0.00001,N/A
2020,RIDGELINE AWD,SPORT,YK3F1LEW,"$33,635.53 ",$722.80 ,"$34,358 ","$37,260 ",SOLD OUT,,,,,"$2,000 ",,,72%,71%,69%,67%,66%,64%,62%,60%,58%,73%,72%,70%,68%,67%,65%,63%,61%,59%,71%,70%,68%,66%,64%,62%,60%,58%,56%,,,,,,,,N/A,,,0.00001,0.00001,N/A
2020,RIDGELINE AWD,RTL,YK3F5LJNW,"$36,026.36 ",$776.40 ,"$36,803 ","$39,940 ",SOLD OUT,,,,,"$2,000 ",,,71%,70%,68%,66%,65%,63%,61%,59%,57%,72%,71%,69%,67%,66%,64%,62%,60%,58%,70%,69%,67%,65%,63%,61%,59%,57%,55%,,,,,,,,N/A,,,0.00001,0.00001,N/A
2020,RIDGELINE AWD,RTL-E,YK3F7LKNW,"$38,881.08 ",$840.40 ,"$39,721 ","$43,140 ",SOLD OUT,,,,,"$2,000 ",,,73%,72%,70%,68%,67%,65%,63%,61%,59%,74%,73%,71%,69%,68%,66%,64%,62%,60%,72%,71%,69%,67%,65%,63%,61%,59%,57%,,,,,,,,N/A,,,0.00001,0.00001,N/A
2020,RIDGELINE AWD,BLACK EDITION,YK3F8LKNW,"$40,219.24 ",$870.40 ,"$41,090 ","$44,640 ",SOLD OUT,,,,,"$2,000 ",,,72%,71%,69%,67%,66%,64%,62%,60%,58%,73%,72%,70%,68%,67%,65%,63%,61%,59%,71%,70%,68%,66%,64%,62%,60%,58%,56%,,,,,,,,N/A,,,0.00001,0.00001,N/A
,,,,,,,,,,,,,,,,,,,,,,,,,,,,,,,,,,,,,,,,,,,,,,,,,,,,,,,
,,,,,,,,,,,,,,,,,,,,,,,,,,,,,,,,,,,,,,,,,,,,,,,,,,,,,,,
2021,CIVIC SEDAN,LX 2.0,FC2F6MEW,"$21,058.25 ",$425.00 ,"$21,483 ","$22,265 ",SOLD OUT,,,,,,,,66%,65%,63%,61%,60%,58%,56%,54%,52%,67%,66%,64%,62%,61%,59%,57%,55%,53%,65%,64%,62%,60%,58%,56%,54%,52%,50%,,,,,,,,,N/A,N/A,,,
2021,CIVIC SEDAN,LX 2.0 Premium Color,FC2F6MEW-P,"$21,424.12 ",$432.90 ,"$21,857 ","$22,660 ",SOLD OUT,,,,,,,,66%,65%,63%,61%,60%,58%,56%,54%,52%,67%,66%,64%,62%,61%,59%,57%,55%,53%,65%,64%,62%,60%,58%,56%,54%,52%,50%,,,,,,,,,N/A,N/A,,,
2021,CIVIC SEDAN,SPORT 2.0,FC2F8MEW,"$22,616.06 ",$461.00 ,"$23,077 ","$24,065 ",SOLD OUT,,,,,,,,68%,67%,65%,63%,62%,60%,58%,56%,54%,69%,68%,66%,64%,63%,61%,59%,57%,55%,67%,66%,64%,62%,60%,58%,56%,54%,52%,,,,,,,,,N/A,N/A,,,
2021,CIVIC SEDAN,SPORT 2.0 Premium Color,FC2F8MEW-P,"$22,981.93 ",$468.90 ,"$23,451 ","$24,460 ",SOLD OUT,,,,,,,,68%,67%,65%,63%,62%,60%,58%,56%,54%,69%,68%,66%,64%,63%,61%,59%,57%,55%,67%,66%,64%,62%,60%,58%,56%,54%,52%,,,,,,,,,N/A,N/A,,,
2021,CIVIC SEDAN,EX 1.5T,FC1F3MJW,"$23,866.50 ",$488.00 ,"$24,355 ","$25,415 ",SOLD OUT,,,,,,,,67%,66%,64%,62%,61%,59%,57%,55%,53%,68%,67%,65%,63%,62%,60%,58%,56%,54%,66%,65%,63%,61%,59%,57%,55%,53%,51%,,,,,,,,,N/A,N/A,,,
2021,CIVIC SEDAN,EX 1.5T Premium Color,FC1F3MJW-P,"$24,232.37 ",$495.90 ,"$24,728 ","$25,810 ",SOLD OUT,,,,,,,,67%,66%,64%,62%,61%,59%,57%,55%,53%,68%,67%,65%,63%,62%,60%,58%,56%,54%,66%,65%,63%,61%,59%,57%,55%,53%,51%,,,,,,,,,N/A,N/A,,,
2021,CIVIC SEDAN,EXL 1.5T,FC1F7MJNW,"$24,978.00 ",$512.00 ,"$25,490 ","$26,615 ",SOLD OUT,,,,,,,,66%,65%,63%,61%,60%,58%,56%,54%,52%,67%,66%,64%,62%,61%,59%,57%,55%,53%,65%,64%,62%,60%,58%,56%,54%,52%,50%,,,,,,,,,N/A,N/A,,,
2021,CIVIC SEDAN,EXL 1.5T Premium Color,FC1F7MJNW-P,"$20,843.47 ","$5,020.30 ","$25,864 ","$252,030 ",SOLD OUT,,,,,,,,66%,65%,63%,61%,60%,58%,56%,54%,52%,67%,66%,64%,62%,61%,59%,57%,55%,53%,65%,64%,62%,60%,58%,56%,54%,52%,50%,,,,,,,,,N/A,N/A,,,
2021,CIVIC SEDAN,Touring 1.5T,FC1F9MKNW,"$27,041.64 ",$566.00 ,"$27,608 ","$29,315 ",SOLD OUT,,,,,,,,64%,63%,61%,59%,58%,56%,54%,52%,50%,65%,64%,62%,60%,59%,57%,55%,53%,51%,63%,62%,60%,58%,56%,54%,52%,50%,48%,,,,,,,,,N/A,N/A,,,
2021,CIVIC SEDAN,Touring 1.5T Premium Color,FC1F9MKNW-P,"$27,407.51 ",$573.90 ,"$27,981 ","$29,710 ",SOLD OUT,,,,,,,,64%,63%,61%,59%,58%,56%,54%,52%,50%,65%,64%,62%,60%,59%,57%,55%,53%,51%,63%,62%,60%,58%,56%,54%,52%,50%,48%,,,,,,,,,N/A,N/A,,,
2021,CIVIC HATCH,LX,FK7H3MEW,"$21,943.08 ",$444.00 ,"$22,387 ","$23,215 ",SOLD OUT,,,,,,,,67%,66%,65%,63%,62%,60%,58%,56%,54%,68%,67%,66%,64%,63%,61%,59%,57%,55%,66%,65%,64%,62%,60%,58%,56%,54%,52%,,,,,,,,,N/A,N/A,,,
2021,CIVIC HATCH,LX Premium Color,FK7H3MEW-P,"$22,308.95 ",$451.90 ,"$22,761 ","$23,610 ",SOLD OUT,,,,,,,,67%,66%,65%,63%,62%,60%,58%,56%,54%,68%,67%,66%,64%,63%,61%,59%,57%,55%,66%,65%,64%,62%,60%,58%,56%,54%,52%,,,,,,,,,N/A,N/A,,,
2021,CIVIC HATCH,SPORT Manual,FK7G4MEW,"$22,847.63 ",$466.00 ,"$23,314 ","$24,315 ",SOLD OUT,,,,,,,,68%,67%,66%,64%,63%,61%,59%,57%,55%,69%,68%,67%,65%,64%,62%,60%,58%,56%,67%,66%,65%,63%,61%,59%,57%,55%,53%,,,,,,,,,N/A,N/A,,,
2021,CIVIC HATCH,SPORT Manual Premium Color,FK7G4MEW-P,"$23,213.50 ",$473.90 ,"$23,687 ","$24,710 ",SOLD OUT,,,,,,,,68%,67%,66%,64%,63%,61%,59%,57%,55%,69%,68%,67%,65%,64%,62%,60%,58%,56%,67%,66%,65%,63%,61%,59%,57%,55%,53%,,,,,,,,,N/A,N/A,,,
2021,CIVIC HATCH,SPORT,FK7H4MEW,"$23,588.63 ",$482.00 ,"$24,071 ","$25,115 ",SOLD OUT,,,,,,,,68%,67%,66%,64%,63%,61%,59%,57%,55%,69%,68%,67%,65%,64%,62%,60%,58%,56%,67%,66%,65%,63%,61%,59%,57%,55%,53%,,,,,,,,,N/A,N/A,,,
2021,CIVIC HATCH,SPORT Premium Color,FK7H4MEW-P,"$23,954.50 ",$489.90 ,"$24,444 ","$25,510 ",SOLD OUT,,,,,,,,68%,67%,66%,64%,63%,61%,59%,57%,55%,69%,68%,67%,65%,64%,62%,60%,58%,56%,67%,66%,65%,63%,61%,59%,57%,55%,53%,,,,,,,,,N/A,N/A,,,
2021,CIVIC HATCH,EX,FK7H6MJW,"$24,144.38 ",$494.00 ,"$24,638 ","$25,715 ",SOLD OUT,,,,,,,,67%,66%,65%,63%,62%,60%,58%,56%,54%,68%,67%,66%,64%,63%,61%,59%,57%,55%,66%,65%,64%,62%,60%,58%,56%,54%,52%,,,,,,,,,N/A,N/A,,,
2021,CIVIC HATCH,EX Premium Color,FK7H6MJW-P,"$24,510.25 ",$501.90 ,"$25,012 ","$26,110 ",SOLD OUT,,,,,,,,67%,66%,65%,63%,62%,60%,58%,56%,54%,68%,67%,66%,64%,63%,61%,59%,57%,55%,66%,65%,64%,62%,60%,58%,56%,54%,52%,,,,,,,,,N/A,N/A,,,
2021,CIVIC HATCH,SPORT TOUR Manual,FK7G9MKNW,"$27,314.88 ",$572.00 ,"$27,887 ","$29,615 ",SOLD OUT,,,,,,,,66%,65%,64%,62%,61%,59%,57%,55%,53%,67%,66%,65%,63%,62%,60%,58%,56%,54%,65%,64%,63%,61%,59%,57%,55%,53%,51%,,,,,,,,,N/A,N/A,,,
2021,CIVIC HATCH,SPORT TOUR Manual Premium Color,FK7G9MKNW-P,"$27,680.75 ",$579.90 ,"$28,261 ","$30,010 ",SOLD OUT,,,,,,,,66%,65%,64%,62%,61%,59%,57%,55%,53%,67%,66%,65%,63%,62%,60%,58%,56%,54%,65%,64%,63%,61%,59%,57%,55%,53%,51%,,,,,,,,,N/A,N/A,,,
2021,CIVIC HATCH,SPORT TOUR,FK7H9MKNW,"$28,043.52 ",$588.00 ,"$28,632 ","$30,415 ",SOLD OUT,,,,,,,,66%,65%,64%,62%,61%,59%,57%,55%,53%,67%,66%,65%,63%,62%,60%,58%,56%,54%,65%,64%,63%,61%,59%,57%,55%,53%,51%,,,,,,,,,N/A,N/A,,,
2021,CIVIC HATCH,SPORT TOUR Premium Color,FK7H9MKNW-P,"$28,409.39 ",$595.90 ,"$29,005 ","$30,810 ",SOLD OUT,,,,,,,,66%,65%,64%,62%,61%,59%,57%,55%,53%,67%,66%,65%,63%,62%,60%,58%,56%,54%,65%,64%,63%,61%,59%,57%,55%,53%,51%,,,,,,,,,N/A,N/A,,,
2021,CIVIC TYPE R,TYPE R Touring,FK8G7MGW,"$35,780.77 ",$757.90 ,"$36,539 ","$38,910 ",SOLD OUT,,,,,,,,74%,73%,72%,70%,69%,67%,65%,63%,61%,75%,74%,73%,71%,70%,68%,66%,64%,62%,73%,72%,71%,69%,67%,65%,63%,61%,59%,,,,,,,,,N/A,N/A,,,
2021,CIVIC TYPE R,TYPE R Touring Premium Color,FK8G7MGW-P,"$36,140.54 ",$765.80 ,"$36,906 ","$39,305 ",SOLD OUT,,,,,,,,74%,73%,72%,70%,69%,67%,65%,63%,61%,75%,74%,73%,71%,70%,68%,66%,64%,62%,73%,72%,71%,69%,67%,65%,63%,61%,59%,,,,,,,,N/A,N/A,N/A,,,
2021,CIVIC TYPE R,TYPE R Limited Edition,FK8G0MGW,"$41,336.65 ",$879.90 ,"$42,217 ","$45,010 ",SOLD OUT,,,,,,,,74%,73%,72%,70%,69%,67%,65%,63%,61%,75%,74%,73%,71%,70%,68%,66%,64%,62%,73%,72%,71%,69%,67%,65%,63%,61%,59%,,,,,,,,N/A,N/A,N/A,,,
2021,ACCORD SEDAN,LX 1.5T,CV1F1MEW,"$24,523.06 ",$499.40 ,"$25,022 ","$25,985 ",DESK,,,,,$500 ,,,64%,63%,61%,59%,58%,56%,54%,52%,50%,65%,64%,62%,60%,59%,57%,55%,53%,51%,63%,62%,60%,58%,56%,54%,52%,50%,48%,,,,,,,,,N/A,N/A,,,
2021,ACCORD SEDAN,LX 1.5T Premium Color,CV1F1MEW-P,"$24,884.86 ",$507.30 ,"$25,392 ","$26,380 ",DESK,,,,,$500 ,,,64%,63%,61%,59%,58%,56%,54%,52%,50%,65%,64%,62%,60%,59%,57%,55%,53%,51%,63%,62%,60%,58%,56%,54%,52%,50%,48%,,,,,,,,,N/A,N/A,,,
2021,ACCORD SEDAN,SPORT 1.5T,CV1F3MEW,"$26,390.51 ",$548.60 ,"$26,939 ","$28,445 ",DESK,,,,,$500 ,,,65%,64%,62%,60%,59%,57%,55%,53%,51%,66%,65%,63%,61%,60%,58%,56%,54%,52%,64%,63%,61%,59%,57%,55%,53%,51%,49%,,,,,,,,,N/A,N/A,,,
2021,ACCORD SEDAN,SPORT 1.5T Premium Color,CV1F3MEW-P,"$26,752.31 ",$556.50 ,"$27,309 ","$28,840 ",DESK,,,,,$500 ,,,65%,64%,62%,60%,59%,57%,55%,53%,51%,66%,65%,63%,61%,60%,58%,56%,54%,52%,64%,63%,61%,59%,57%,55%,53%,51%,49%,,,,,,,,,N/A,N/A,,,
2021,ACCORD SEDAN,SPORT SE 1.5T,CV1F4MENW,"$27,755.27 ",$578.40 ,"$28,334 ","$29,935 ",DESK,,,,,$500 ,,,65%,64%,62%,60%,59%,57%,55%,53%,51%,66%,65%,63%,61%,60%,58%,56%,54%,52%,64%,63%,61%,59%,57%,55%,53%,51%,49%,,,,,,,,,N/A,N/A,,,
2021,ACCORD SEDAN,SPORT SE 1.5T Premium Color,CV1F4MENW-P,"$28,117.07 ",$586.30 ,"$28,703 ","$30,330 ",DESK,,,,,$500 ,,,65%,64%,62%,60%,59%,57%,55%,53%,51%,66%,65%,63%,61%,60%,58%,56%,54%,52%,64%,63%,61%,59%,57%,55%,53%,51%,49%,,,,,,,,,N/A,N/A,,,
2021,ACCORD SEDAN,EXL 1.5T,CV1F5MJNW,"$29,926.08 ",$625.80 ,"$30,552 ","$32,305 ",DESK,,,,,$500 ,,,63%,62%,60%,58%,57%,55%,53%,51%,49%,64%,63%,61%,59%,58%,56%,54%,52%,50%,62%,61%,59%,57%,55%,53%,51%,49%,47%,,,,,,,,,N/A,N/A,,,
2021,ACCORD SEDAN,EXL 1.5T Premium Color,CV1F5MJNW-P,"$30,287.88 ",$633.70 ,"$30,922 ","$32,700 ",DESK,,,,,$500 ,,,63%,62%,60%,58%,57%,55%,53%,51%,49%,64%,63%,61%,59%,58%,56%,54%,52%,50%,62%,61%,59%,57%,55%,53%,51%,49%,47%,,,,,,,,,N/A,N/A,,,
2021,ACCORD SEDAN,SPORT 2.0T,CV2F3MJW,"$30,677.15 ",$642.20 ,"$31,319 ","$33,125 ",DESK,,,,,$500 ,,,64%,63%,61%,59%,58%,56%,54%,52%,50%,65%,64%,62%,60%,59%,57%,55%,53%,51%,63%,62%,60%,58%,56%,54%,52%,50%,48%,,,,,,,,,N/A,N/A,,,
2021,ACCORD SEDAN,SPORT 2.0T Premium Color,CV2F3MJW-P,"$31,038.95 ",$650.10 ,"$31,689 ","$33,520 ",DESK,,,,,$500 ,,,64%,63%,61%,59%,58%,56%,54%,52%,50%,65%,64%,62%,60%,59%,57%,55%,53%,51%,63%,62%,60%,58%,56%,54%,52%,50%,48%,,,,,,,,,N/A,N/A,,,
2021,ACCORD SEDAN,TOURING 2.0T,CV2F9MKNW,"$34,494.45 ",$738.00 ,"$35,232 ","$37,915 ",DESK,,,,,$500 ,,,63%,62%,60%,58%,57%,55%,53%,51%,49%,64%,63%,61%,59%,58%,56%,54%,52%,50%,62%,61%,59%,57%,55%,53%,51%,49%,47%,,,,,,,,,N/A,N/A,,,
2021,ACCORD SEDAN,TOURING 2.0T Premium Color,CV2F9MKNW-P,"$34,856.25 ",$745.90 ,"$35,602 ","$38,310 ",DESK,,,,,$500 ,,,63%,62%,60%,58%,57%,55%,53%,51%,49%,64%,63%,61%,59%,58%,56%,54%,52%,50%,62%,61%,59%,57%,55%,53%,51%,49%,47%,,,,,,,,,N/A,N/A,,,
2021,ACCORD HYBRID,BASE,CV3F1MEW,"$26,013.30 ",$531.40 ,"$26,545 ","$27,585 ",SOLD OUT,,,,,$500 ,,,63%,62%,60%,58%,57%,55%,53%,51%,49%,64%,63%,61%,59%,58%,56%,54%,52%,50%,62%,61%,59%,57%,55%,53%,51%,49%,47%,,,,,,,,,N/A,N/A,,,
2021,ACCORD HYBRID,BASE Premium Color,CV3F1MEW-P,"$26,375.10 ",$539.30 ,"$26,914 ","$27,980 ",SOLD OUT,,,,,$500 ,,,63%,62%,60%,58%,57%,55%,53%,51%,49%,64%,63%,61%,59%,58%,56%,54%,52%,50%,62%,61%,59%,57%,55%,53%,51%,49%,47%,,,,,,,,,N/A,N/A,,,
2021,ACCORD HYBRID,EX,CV3F4MJW,"$29,220.79 ",$610.40 ,"$29,831 ","$31,535 ",SOLD OUT,,,,,$500 ,,,63%,62%,60%,58%,57%,55%,53%,51%,49%,64%,63%,61%,59%,58%,56%,54%,52%,50%,62%,61%,59%,57%,55%,53%,51%,49%,47%,,,,,,,,,N/A,N/A,,,
2021,ACCORD HYBRID,EX Premium Color,CV3F4MJW-P,"$29,582.59 ",$618.30 ,"$30,201 ","$31,930 ",SOLD OUT,,,,,$500 ,,,63%,62%,60%,58%,57%,55%,53%,51%,49%,64%,63%,61%,59%,58%,56%,54%,52%,50%,62%,61%,59%,57%,55%,53%,51%,49%,47%,,,,,,,,,N/A,N/A,,,
2021,ACCORD HYBRID,EXL,CV3F5MJNW,"$31,391.60 ",$657.80 ,"$32,049 ","$33,905 ",SOLD OUT,,,,,$500 ,,,62%,61%,59%,57%,56%,54%,52%,50%,48%,63%,62%,60%,58%,57%,55%,53%,51%,49%,61%,60%,58%,56%,54%,52%,50%,48%,46%,,,,,,,,,N/A,N/A,,,
2021,ACCORD HYBRID,EXL Premium Color,CV3F5MJNW-P,"$31,753.40 ",$665.70 ,"$32,419 ","$34,300 ",SOLD OUT,,,,,$500 ,,,62%,61%,59%,57%,56%,54%,52%,50%,48%,63%,62%,60%,58%,57%,55%,53%,51%,49%,61%,60%,58%,56%,54%,52%,50%,48%,46%,,,,,,,,,N/A,N/A,,,
2021,ACCORD HYBRID,TOURING,CV3F9MKNW,"$34,080.22 ",$728.80 ,"$34,809 ","$37,455 ",SOLD OUT,,,,,$500 ,,,62%,61%,59%,57%,56%,54%,52%,50%,48%,63%,62%,60%,58%,57%,55%,53%,51%,49%,61%,60%,58%,56%,54%,52%,50%,48%,46%,,,,,,,,,N/A,N/A,,,
2021,ACCORD HYBRID,TOURING Premium Color,CV3F9MKNW-P,"$34,442.02 ",$736.70 ,"$35,179 ","$37,850 ",SOLD OUT,,,,,$500 ,,,62%,61%,59%,57%,56%,54%,52%,50%,48%,63%,62%,60%,58%,57%,55%,53%,51%,49%,61%,60%,58%,56%,54%,52%,50%,48%,46%,,,,,,,,,N/A,N/A,,,
2021,INSIGHT,LX,ZE4F1MEW,"$22,241.15 ",$462.60 ,"$22,704 ","$24,145 ",SOLD OUT,,,,,$750 ,,,59%,58%,57%,55%,54%,52%,50%,48%,46%,60%,59%,58%,56%,55%,53%,51%,49%,47%,58%,57%,56%,54%,52%,50%,48%,46%,44%,,,,,,,,,N/A,N/A,,,
2021,INSIGHT,LX Premium Color,ZE4F1MEW-P,"$22,598.94 ",$470.50 ,"$23,069 ","$24,540 ",SOLD OUT,,,,,$750 ,,,59%,58%,57%,55%,54%,52%,50%,48%,46%,60%,59%,58%,56%,55%,53%,51%,49%,47%,58%,57%,56%,54%,52%,50%,48%,46%,44%,,,,,,,,,N/A,N/A,,,
2021,INSIGHT,EX,ZE4F5MEW,"$23,944.06 ",$500.20 ,"$24,444 ","$26,025 ",SOLD OUT,,,,,$750 ,,,60%,59%,58%,56%,55%,53%,51%,49%,47%,61%,60%,59%,57%,56%,54%,52%,50%,48%,59%,58%,57%,55%,53%,51%,49%,47%,45%,,,,,,,,,N/A,N/A,,,
2021,INSIGHT,EX Premium Color,ZE4F5MEW-P,"$24,301.85 ",$508.10 ,"$24,810 ","$26,420 ",SOLD OUT,,,,,$750 ,,,60%,59%,58%,56%,55%,53%,51%,49%,47%,61%,60%,59%,57%,56%,54%,52%,50%,48%,59%,58%,57%,55%,53%,51%,49%,47%,45%,,,,,,,,,N/A,N/A,,,
2021,INSIGHT,TOURING,ZE4F9MKNW,"$27,594.43 ",$580.80 ,"$28,175 ","$30,055 ",SOLD OUT,,,,,$750 ,,,59%,58%,57%,55%,54%,52%,50%,48%,46%,60%,59%,58%,56%,55%,53%,51%,49%,47%,58%,57%,56%,54%,52%,50%,48%,46%,44%,,,,,,,,,N/A,N/A,,,
2021,INSIGHT,TOURING Premium Color,ZE4F9MKNW-P,"$27,952.22 ",$588.70 ,"$28,541 ","$30,450 ",SOLD OUT,,,,,$750 ,,,59%,58%,57%,55%,54%,52%,50%,48%,46%,60%,59%,58%,56%,55%,53%,51%,49%,47%,58%,57%,56%,54%,52%,50%,48%,46%,44%,,,,,,,,,N/A,N/A,,,
2021,CLARITY,PHEV,ZC5F1MEW,"$32,575.78 ",$668.00 ,"$33,244 ","$34,415 ",SOLD OUT,,,,,"$5,000 ",,,50%,49%,48%,46%,45%,43%,41%,39%,37%,51%,50%,49%,47%,46%,44%,42%,40%,38%,49%,48%,47%,45%,43%,41%,39%,37%,35%,,,,,,,,,N/A,N/A,,,
2021,CLARITY,PHEV Premium Color,ZC5F1MEW-P,"$32,945.78 ",$675.90 ,"$33,622 ","$34,810 ",SOLD OUT,,,,,"$5,000 ",,,50%,49%,48%,46%,45%,43%,41%,39%,37%,51%,50%,49%,47%,46%,44%,42%,40%,38%,49%,48%,47%,45%,43%,41%,39%,37%,35%,,,,,,,,,N/A,N/A,,,
2021,CLARITY,TOURING,ZC5F3MGW,"$35,573.22 ",$732.00 ,"$36,305 ","$37,615 ",SOLD OUT,,,,,"$5,000 ",,,49%,48%,47%,45%,44%,42%,40%,38%,36%,50%,49%,48%,46%,45%,43%,41%,39%,37%,48%,47%,46%,44%,42%,40%,38%,36%,34%,,,,,,,,,N/A,N/A,,,
2021,CLARITY,TOURING Premium Color,ZC5F3MGW-P,"$29,462.82 ","$7,220.30 ","$36,683 ","$362,030 ",SOLD OUT,,,,,"$5,000 ",,,49%,48%,47%,45%,44%,42%,40%,38%,36%,50%,49%,48%,46%,45%,43%,41%,39%,37%,48%,47%,46%,44%,42%,40%,38%,36%,34%,,,,,,,,,N/A,N/A,,,
2021,HRV AWD,LX,RU6H3MEW,"$22,637.41 ",$454.40 ,"$23,092 ","$23,945 ",SOLD OUT,,,,,$750 ,,,66%,65%,63%,61%,60%,58%,56%,54%,51%,67%,66%,64%,62%,61%,59%,57%,55%,52%,65%,64%,62%,60%,58%,56%,54%,52%,49%,,,,,,,,,N/A,N/A,,,
2021,HRV AWD,LX Premium Color,RU6H3MEW-P,"$23,003.28 ",$462.30 ,"$23,466 ","$24,340 ",SOLD OUT,,,,,$750 ,,,66%,65%,63%,61%,60%,58%,56%,54%,51%,67%,66%,64%,62%,61%,59%,57%,55%,52%,65%,64%,62%,60%,58%,56%,54%,52%,49%,,,,,,,,,N/A,N/A,,,
2021,HRV AWD,SPORT,RU6H1MEW,"$24,326.59 ",$493.40 ,"$24,820 ","$25,895 ",SOLD OUT,,,,,$750 ,,,67%,66%,64%,62%,61%,59%,57%,55%,52%,68%,67%,65%,63%,62%,60%,58%,56%,53%,66%,65%,63%,61%,59%,57%,55%,53%,50%,,,,,,,,,N/A,N/A,,,
2021,HRV AWD,SPORT Premium Color,RU6H1MEW-P,"$24,692.46 ",$501.30 ,"$25,194 ","$26,290 ",SOLD OUT,,,,,$750 ,,,67%,66%,64%,62%,61%,59%,57%,55%,52%,68%,67%,65%,63%,62%,60%,58%,56%,53%,66%,65%,63%,61%,59%,57%,55%,53%,50%,,,,,,,,,N/A,N/A,,,
2021,HRV AWD,EX,RU6H5MJW,"$25,484.40 ",$518.40 ,"$26,003 ","$27,145 ",SOLD OUT,,,,,$750 ,,,65%,64%,62%,60%,59%,57%,55%,53%,50%,66%,65%,63%,61%,60%,58%,56%,54%,51%,64%,63%,61%,59%,57%,55%,53%,51%,48%,,,,,,,,,N/A,N/A,,,
2021,HRV AWD,EX Premium Color,RU6H5MJW-P,"$25,850.27 ",$526.30 ,"$26,377 ","$27,540 ",SOLD OUT,,,,,$750 ,,,65%,64%,62%,60%,59%,57%,55%,53%,50%,66%,65%,63%,61%,60%,58%,56%,54%,51%,64%,63%,61%,59%,57%,55%,53%,51%,48%,,,,,,,,,N/A,N/A,,,
2021,HRV AWD,EXL,RU6H7MJNW,"$26,966.40 ",$550.40 ,"$27,517 ","$28,745 ",SOLD OUT,,,,,$750 ,,,64%,63%,61%,59%,58%,56%,54%,52%,49%,65%,64%,62%,60%,59%,57%,55%,53%,50%,63%,62%,60%,58%,56%,54%,52%,50%,47%,,,,,,,,,N/A,N/A,,,
2021,HRV AWD,EXL Premium Color,RU6H7MJNW-P,"$27,332.27 ",$558.30 ,"$27,891 ","$29,140 ",SOLD OUT,,,,,$750 ,,,64%,63%,61%,59%,58%,56%,54%,52%,49%,65%,64%,62%,60%,59%,57%,55%,53%,50%,63%,62%,60%,58%,56%,54%,52%,50%,47%,,,,,,,,,N/A,N/A,,,
2021,HRV AWD,TOURING,RU6H9MKNW,"$28,198.87 ",$586.80 ,"$28,786 ","$30,565 ",SOLD OUT,,,,,$750 ,,,63%,62%,60%,58%,57%,55%,53%,51%,48%,64%,63%,61%,59%,58%,56%,54%,52%,49%,62%,61%,59%,57%,55%,53%,51%,49%,46%,,,,,,,,,N/A,N/A,,,
2021,HRV AWD,TOURING Premium Color,RU6H9MKNW-P,"$28,564.74 ",$594.70 ,"$29,159 ","$30,960 ",SOLD OUT,,,,,$750 ,,,63%,62%,60%,58%,57%,55%,53%,51%,48%,64%,63%,61%,59%,58%,56%,54%,52%,49%,62%,61%,59%,57%,55%,53%,51%,49%,46%,,,,,,,,,N/A,N/A,,,
2021,CRV AWD,LX 2.4,RW2H2MEW,"$26,484.09 ",$537.00 ,"$27,021 ","$28,075 ",SOLD OUT,,,,,,,,66%,65%,63%,61%,60%,58%,56%,54%,52%,67%,66%,64%,62%,61%,59%,57%,55%,53%,65%,64%,62%,60%,58%,56%,54%,52%,50%,,,,,,,,,N/A,N/A,,,
2021,CRV AWD,LX 2.4 Premium Color,RW2H2MEW-P,"$26,845.89 ",$544.90 ,"$27,391 ","$28,470 ",SOLD OUT,,,,,,,,66%,65%,63%,61%,60%,58%,56%,54%,52%,67%,66%,64%,62%,61%,59%,57%,55%,53%,65%,64%,62%,60%,58%,56%,54%,52%,50%,,,,,,,,,N/A,N/A,,,
2021,CRV AWD,SE 1.5,RW2H7MEW,"$27,601.77 ",$561.00 ,"$28,163 ","$29,275 ",DESK,,,,,,,,67%,66%,64%,62%,61%,59%,57%,55%,53%,68%,67%,65%,63%,62%,60%,58%,56%,54%,66%,65%,63%,61%,59%,57%,55%,53%,51%,,,,,,,,,N/A,N/A,,,
2021,CRV AWD,SE 1.5 Premium Color,RW2H7MEW-P,"$27,963.57 ",$568.90 ,"$28,532 ","$29,670 ",DESK,,,,,,,,67%,66%,64%,62%,61%,59%,57%,55%,53%,68%,67%,65%,63%,62%,60%,58%,56%,54%,66%,65%,63%,61%,59%,57%,55%,53%,51%,,,,,,,,,N/A,N/A,,,
2021,CRV AWD,EX 1.5T,RW2H5MJW,"$28,368.29 ",$587.20 ,"$28,955 ","$30,585 ",DESK,,,,,,,,67%,66%,64%,62%,61%,59%,57%,55%,53%,68%,67%,65%,63%,62%,60%,58%,56%,54%,66%,65%,63%,61%,59%,57%,55%,53%,51%,,,,,,,,,N/A,N/A,,,
2021,CRV AWD,EX 1.5T Premium Color,RW2H5MJW-P,"$28,730.09 ",$595.10 ,"$29,325 ","$30,980 ",DESK,,,,,,,,67%,66%,64%,62%,61%,59%,57%,55%,53%,68%,67%,65%,63%,62%,60%,58%,56%,54%,66%,65%,63%,61%,59%,57%,55%,53%,51%,,,,,,,,,N/A,N/A,,,
2021,CRV AWD,EXL 1.5T,RW2H8MJNW,"$30,740.60 ",$639.00 ,"$31,380 ","$33,175 ",DESK,,,,,,,,67%,66%,64%,62%,61%,59%,57%,55%,53%,68%,67%,65%,63%,62%,60%,58%,56%,54%,66%,65%,63%,61%,59%,57%,55%,53%,51%,,,,,,,,,N/A,N/A,,,
2021,CRV AWD,EXL 1.5T Premium Color,RW2H8MJNW-P,"$31,102.40 ",$646.90 ,"$31,749 ","$33,570 ",DESK,,,,,,,,67%,66%,64%,62%,61%,59%,57%,55%,53%,68%,67%,65%,63%,62%,60%,58%,56%,54%,66%,65%,63%,61%,59%,57%,55%,53%,51%,,,,,,,,,N/A,N/A,,,
2021,CRV AWD,TOURING 1.5T,RW2H9MKNW,"$33,128.58 ",$703.00 ,"$33,832 ","$36,375 ",DESK,,,,,,,,67%,66%,64%,62%,61%,59%,57%,55%,53%,68%,67%,65%,63%,62%,60%,58%,56%,54%,66%,65%,63%,61%,59%,57%,55%,53%,51%,,,,,,,,,N/A,N/A,,,
2021,CRV AWD,TOURING 1.5T Premium Color,RW2H9MKNW-P,"$33,490.38 ",$710.90 ,"$34,201 ","$36,770 ",DESK,,,,,,,,67%,66%,64%,62%,61%,59%,57%,55%,53%,68%,67%,65%,63%,62%,60%,58%,56%,54%,66%,65%,63%,61%,59%,57%,55%,53%,51%,,,,,,,,,N/A,N/A,,,
2021,CRV AWD,EX HYBRID,RT6H5MJW,"$29,467.43 ",$611.20 ,"$30,079 ","$31,785 ",SOLD OUT,,,,,,,,69%,68%,66%,64%,63%,61%,59%,57%,55%,70%,69%,67%,65%,64%,62%,60%,58%,56%,68%,67%,65%,63%,61%,59%,57%,55%,53%,,,,,,,,,N/A,N/A,,,
2021,CRV AWD,EX HYBRID Premium Color,RT6H5MJW-P,"$29,829.23 ",$619.10 ,"$30,448 ","$32,180 ",SOLD OUT,,,,,,,,69%,68%,66%,64%,63%,61%,59%,57%,55%,70%,69%,67%,65%,64%,62%,60%,58%,56%,68%,67%,65%,63%,61%,59%,57%,55%,53%,,,,,,,,,N/A,N/A,,,
2021,CRV AWD,EXL HYBRID,RT6H8MJNW,"$31,839.74 ",$663.00 ,"$32,503 ","$34,375 ",SOLD OUT,,,,,,,,68%,67%,65%,63%,62%,60%,58%,56%,54%,69%,68%,66%,64%,63%,61%,59%,57%,55%,67%,66%,64%,62%,60%,58%,56%,54%,52%,,,,,,,,,N/A,N/A,,,
2021,CRV AWD,EXL HYBRID Premium Color,RT6H8MJNW-P,"$32,201.54 ",$670.90 ,"$32,872 ","$34,770 ",SOLD OUT,,,,,,,,68%,67%,65%,63%,62%,60%,58%,56%,54%,69%,68%,66%,64%,63%,61%,59%,57%,55%,67%,66%,64%,62%,60%,58%,56%,54%,52%,,,,,,,,,N/A,N/A,,,
2021,CRV AWD,TOUR HYBRID,RT6H9MKNW,"$34,209.18 ",$727.00 ,"$34,936 ","$37,575 ",SOLD OUT,,,,,,,,68%,67%,65%,63%,62%,60%,58%,56%,54%,69%,68%,66%,64%,63%,61%,59%,57%,55%,67%,66%,64%,62%,60%,58%,56%,54%,52%,,,,,,,,,N/A,N/A,,,
2021,CRV AWD,TOUR HYBRID Premium Color,RT6H9MKNW-P,"$34,570.98 ",$734.90 ,"$35,306 ","$37,970 ",SOLD OUT,,,,,,,,68%,67%,65%,63%,62%,60%,58%,56%,54%,69%,68%,66%,64%,63%,61%,59%,57%,55%,67%,66%,64%,62%,60%,58%,56%,54%,52%,,,,,,,,,N/A,N/A,,,
2021,ODYSSEY,LX,RL6H2MEW,"$31,085.21 ",$635.80 ,"$31,721 ","$33,015 ",SOLD OUT,,,,,,,"$1,500 ",63%,62%,60%,58%,57%,55%,53%,51%,49%,64%,63%,61%,59%,58%,56%,54%,52%,50%,62%,61%,59%,57%,55%,53%,51%,49%,47%,,,,,,,,,N/A,N/A,,,
2021,ODYSSEY,LX Premium Color,RL6H2MEW-P,"$31,444.98 ",$643.70 ,"$32,089 ","$33,410 ",SOLD OUT,,,,,,,"$1,500 ",63%,62%,60%,58%,57%,55%,53%,51%,49%,64%,63%,61%,59%,58%,56%,54%,52%,50%,62%,61%,59%,57%,55%,53%,51%,49%,47%,,,,,,,,,N/A,N/A,,,
2021,ODYSSEY,EX,RL6H5MEXW,"$33,527.05 ",$703.80 ,"$34,231 ","$36,415 ",SOLD OUT,,,,,,,"$1,500 ",64%,63%,61%,59%,58%,56%,54%,52%,50%,65%,64%,62%,60%,59%,57%,55%,53%,51%,63%,62%,60%,58%,56%,54%,52%,50%,48%,,,,,,,,,N/A,N/A,,,
2021,ODYSSEY,EX Premium Color,RL6H5MEXW-P,"$33,886.82 ",$711.70 ,"$34,599 ","$36,810 ",SOLD OUT,,,,,,,"$1,500 ",64%,63%,61%,59%,58%,56%,54%,52%,50%,65%,64%,62%,60%,59%,57%,55%,53%,51%,63%,62%,60%,58%,56%,54%,52%,50%,48%,,,,,,,,,N/A,N/A,,,
2021,ODYSSEY,EXL,RL6H7MJXW,"$36,505.37 ",$769.20 ,"$37,275 ","$39,685 ",SOLD OUT,,,,,,,"$1,500 ",65%,64%,62%,60%,59%,57%,55%,53%,51%,66%,65%,63%,61%,60%,58%,56%,54%,52%,64%,63%,61%,59%,57%,55%,53%,51%,49%,,,,,,,,,N/A,N/A,,,
2021,ODYSSEY,EXL Premium Color,RL6H7MJXW-P,"$36,865.14 ",$777.10 ,"$37,642 ","$40,080 ",SOLD OUT,,,,,,,"$1,500 ",65%,64%,62%,60%,59%,57%,55%,53%,51%,66%,65%,63%,61%,60%,58%,56%,54%,52%,64%,63%,61%,59%,57%,55%,53%,51%,49%,,,,,,,,,N/A,N/A,,,
2021,ODYSSEY,Touring,RL6H8MKXW,"$39,528.38 ",$850.00 ,"$40,378 ","$43,725 ",SOLD OUT,,,,,,,"$1,500 ",66%,65%,63%,61%,60%,58%,56%,54%,52%,67%,66%,64%,62%,61%,59%,57%,55%,53%,65%,64%,62%,60%,58%,56%,54%,52%,50%,,,,,,,,,N/A,N/A,,,
2021,ODYSSEY,Touring Premium Color,RL6H8MKXW-P,"$39,888.15 ",$857.90 ,"$40,746 ","$44,120 ",SOLD OUT,,,,,,,"$1,500 ",66%,65%,63%,61%,60%,58%,56%,54%,52%,67%,66%,64%,62%,61%,59%,57%,55%,53%,65%,64%,62%,60%,58%,56%,54%,52%,50%,,,,,,,,,N/A,N/A,,,
2021,ODYSSEY,Elite,RL6H9MKXW,"$44,291.64 ",$956.40 ,"$45,248 ","$49,045 ",SOLD OUT,,,,,,,"$1,500 ",62%,61%,59%,57%,56%,54%,52%,50%,48%,63%,62%,60%,58%,57%,55%,53%,51%,49%,61%,60%,58%,56%,54%,52%,50%,48%,46%,,,,,,,,,N/A,N/A,,,
2021,ODYSSEY,Elite Premium Color,RL6H9MKXW-P,"$44,651.41 ",$964.30 ,"$45,616 ","$49,440 ",SOLD OUT,,,,,,,"$1,500 ",62%,61%,59%,57%,56%,54%,52%,50%,48%,63%,62%,60%,58%,57%,55%,53%,51%,49%,61%,60%,58%,56%,54%,52%,50%,48%,46%,,,,,,,,,N/A,N/A,,,
2021,PASSPORT AWD,SPORT,YF8H2MEW,"$33,162.73 ",$695.80 ,"$33,859 ","$36,015 ",DESK,0.90%,0.90%,1.90%,2.90%,,"$1,250 ",$250 ,71%,70%,68%,66%,65%,63%,61%,59%,56%,72%,71%,69%,67%,66%,64%,62%,60%,57%,70%,69%,67%,65%,63%,61%,59%,57%,54%,0.90%,0.90%,1.90%,2.90%,5.90%,5.90%,6.9%IGS,2/28/2022,0.00081,0.00097,0.00001,0.00017,
2021,PASSPORT AWD,SPORT Premium Color,YF8H2MEW-P,"$33,522.50 ",$703.70 ,"$34,226 ","$36,410 ",DESK,0.90%,0.90%,1.90%,2.90%,,"$1,250 ",$250 ,71%,70%,68%,66%,65%,63%,61%,59%,56%,72%,71%,69%,67%,66%,64%,62%,60%,57%,70%,69%,67%,65%,63%,61%,59%,57%,54%,0.90%,0.90%,1.90%,2.90%,5.90%,5.90%,6.9%IGS,2/28/2022,0.00081,0.00097,0.00001,0.00017,
2021,PASSPORT AWD,EXL,YF8H5MJNW,"$36,824.15 ",$776.20 ,"$37,600 ","$40,035 ",DESK,0.90%,0.90%,1.90%,2.90%,,"$1,250 ",$250 ,70%,69%,67%,65%,64%,62%,60%,58%,55%,71%,70%,68%,66%,65%,63%,61%,59%,56%,69%,68%,66%,64%,62%,60%,58%,56%,53%,0.90%,0.90%,1.90%,2.90%,5.90%,5.90%,6.9%IGS,2/28/2022,0.00081,0.00097,0.00001,0.00017,
2021,PASSPORT AWD,EXL Premium Color,YF8H5MJNW-P,"$37,183.92 ",$784.10 ,"$37,968 ","$40,430 ",DESK,0.90%,0.90%,1.90%,2.90%,,"$1,250 ",$250 ,70%,69%,67%,65%,64%,62%,60%,58%,55%,71%,70%,68%,66%,65%,63%,61%,59%,56%,69%,68%,66%,64%,62%,60%,58%,56%,53%,0.90%,0.90%,1.90%,2.90%,5.90%,5.90%,6.9%IGS,2/28/2022,0.00081,0.00097,0.00001,0.00017,
2021,PASSPORT AWD,TOURING,YF8H9MKNW,"$38,794.19 ",$833.60 ,"$39,628 ","$42,905 ",DESK,0.90%,0.90%,1.90%,2.90%,,"$1,250 ",$250 ,69%,68%,66%,64%,63%,61%,59%,57%,54%,70%,69%,67%,65%,64%,62%,60%,58%,55%,68%,67%,65%,63%,61%,59%,57%,55%,52%,0.90%,0.90%,1.90%,2.90%,5.90%,5.90%,6.9%IGS,2/28/2022,0.00081,0.00097,0.00001,0.00017,
2021,PASSPORT AWD,TOURING Premium Color,YF8H9MKNW-P,"$39,153.96 ",$841.50 ,"$39,995 ","$43,300 ",DESK,0.90%,0.90%,1.90%,2.90%,,"$1,250 ",$250 ,69%,68%,66%,64%,63%,61%,59%,57%,54%,70%,69%,67%,65%,64%,62%,60%,58%,55%,68%,67%,65%,63%,61%,59%,57%,55%,52%,0.90%,0.90%,1.90%,2.90%,5.90%,5.90%,6.9%IGS,2/28/2022,0.00081,0.00097,0.00001,0.00017,
2021,PASSPORT AWD,ELITE,YF8H0MKNW,"$41,032.56 ",$883.60 ,"$41,916 ","$45,405 ",DESK,0.90%,0.90%,1.90%,2.90%,,"$1,250 ",$250 ,67%,66%,64%,62%,61%,59%,57%,55%,52%,68%,67%,65%,63%,62%,60%,58%,56%,53%,66%,65%,63%,61%,59%,57%,55%,53%,50%,0.90%,0.90%,1.90%,2.90%,5.90%,5.90%,6.9%IGS,2/28/2022,0.00081,0.00097,0.00001,0.00017,
2021,PASSPORT AWD,ELITE Premium Color,YF8H0MKNW-P,"$41,392.33 ",$891.50 ,"$42,284 ","$45,800 ",DESK,0.90%,0.90%,1.90%,2.90%,,"$1,250 ",$250 ,67%,66%,64%,62%,61%,59%,57%,55%,52%,68%,67%,65%,63%,62%,60%,58%,56%,53%,66%,65%,63%,61%,59%,57%,55%,53%,50%,0.90%,0.90%,1.90%,2.90%,5.90%,5.90%,6.9%IGS,2/28/2022,0.00081,0.00097,0.00001,0.00017,
2021,PILOT AWD,LX,YF6H1MEW,"$32,322.09 ",$691.00 ,"$33,013 ","$35,775 ",SOLD OUT,,,,,"$1,500 ",,,65%,64%,62%,60%,59%,57%,55%,53%,50%,66%,65%,63%,61%,60%,58%,56%,54%,51%,64%,63%,61%,59%,57%,55%,53%,51%,48%,,,,,,,,,N/A,N/A,,,
2021,PILOT AWD,LX Premium Color,YF6H1MEW-P,"$32,674.47 ",$698.90 ,"$33,373 ","$36,170 ",SOLD OUT,,,,,"$1,500 ",,,65%,64%,62%,60%,59%,57%,55%,53%,50%,66%,65%,63%,61%,60%,58%,56%,54%,51%,64%,63%,61%,59%,57%,55%,53%,51%,48%,,,,,,,,,N/A,N/A,,,
2021,PILOT AWD,EX,YF6H3MEXW,"$34,712.92 ",$744.60 ,"$35,458 ","$38,455 ",SOLD OUT,,,,,"$1,500 ",,,66%,65%,63%,61%,60%,58%,56%,54%,51%,67%,66%,64%,62%,61%,59%,57%,55%,52%,65%,64%,62%,60%,58%,56%,54%,52%,49%,,,,,,,,,N/A,N/A,,,
2021,PILOT AWD,EX Premium Color,YF6H3MEXW-P,"$35,065.30 ",$752.50 ,"$35,818 ","$38,850 ",SOLD OUT,,,,,"$1,500 ",,,66%,65%,63%,61%,60%,58%,56%,54%,51%,67%,66%,64%,62%,61%,59%,57%,55%,52%,65%,64%,62%,60%,58%,56%,54%,52%,49%,,,,,,,,,N/A,N/A,,,
2021,PILOT AWD,EX-L,YF6H5MJNW,"$37,772.83 ",$813.20 ,"$38,586 ","$41,885 ",DEMO,,,,,"$1,500 ",,,67%,66%,64%,62%,61%,59%,57%,55%,52%,68%,67%,65%,63%,62%,60%,58%,56%,53%,66%,65%,63%,61%,59%,57%,55%,53%,50%,,,,,,,,,N/A,N/A,,,
2021,PILOT AWD,EX-L Premium Color,YF6H5MJNW-P,"$38,125.21 ",$821.10 ,"$38,946 ","$42,280 ",SOLD OUT,,,,,"$1,500 ",,,67%,66%,64%,62%,61%,59%,57%,55%,52%,68%,67%,65%,63%,62%,60%,58%,56%,53%,66%,65%,63%,61%,59%,57%,55%,53%,50%,,,,,,,,,N/A,N/A,,,
2021,PILOT AWD,SE,YF6H2MJNW,"$38,308.09 ",$825.20 ,"$39,133 ","$42,485 ",DESK,,,,,"$1,500 ",,,66%,65%,63%,61%,60%,58%,56%,54%,51%,67%,66%,64%,62%,61%,59%,57%,55%,52%,65%,64%,62%,60%,58%,56%,54%,52%,49%,,,,,,,,,N/A,N/A,,,
2021,PILOT AWD,SE Premium Color,YF6H2MJNW-P,"$38,660.47 ",$833.10 ,"$39,494 ","$42,880 ",SOLD OUT,,,,,"$1,500 ",,,66%,65%,63%,61%,60%,58%,56%,54%,51%,67%,66%,64%,62%,61%,59%,57%,55%,52%,65%,64%,62%,60%,58%,56%,54%,52%,49%,,,,,,,,,N/A,N/A,,,
2021,PILOT AWD,TRG 8 Pass.,YF6H9MKNW,"$41,840.81 ",$904.40 ,"$42,745 ","$46,445 ",SOLD OUT,,,,,"$1,500 ",,,66%,65%,63%,61%,60%,58%,56%,54%,51%,67%,66%,64%,62%,61%,59%,57%,55%,52%,65%,64%,62%,60%,58%,56%,54%,52%,49%,,,,,,,,,N/A,N/A,,,
2021,PILOT AWD,TRG 8 Pass. Premium Color,YF6H9MKNW-P,"$42,193.19 ",$912.30 ,"$43,105 ","$46,840 ",DEMO,,,,,"$1,500 ",,,66%,65%,63%,61%,60%,58%,56%,54%,51%,67%,66%,64%,62%,61%,59%,57%,55%,52%,65%,64%,62%,60%,58%,56%,54%,52%,49%,,,,,,,,,N/A,N/A,,,
2021,PILOT AWD,TRG 7 Pass.,YF6H6MKNW,"$42,108.44 ",$910.40 ,"$43,019 ","$46,745 ",SOLD OUT,,,,,"$1,500 ",,,66%,65%,63%,61%,60%,58%,56%,54%,51%,67%,66%,64%,62%,61%,59%,57%,55%,52%,65%,64%,62%,60%,58%,56%,54%,52%,49%,,,,,,,,,N/A,N/A,,,
2021,PILOT AWD,TRG 7 Pass. Premium Color,YF6H6MKNW-P,"$42,460.82 ",$918.30 ,"$43,379 ","$47,140 ",SOLD OUT,,,,,"$1,500 ",,,66%,65%,63%,61%,60%,58%,56%,54%,51%,67%,66%,64%,62%,61%,59%,57%,55%,52%,65%,64%,62%,60%,58%,56%,54%,52%,49%,,,,,,,,,N/A,N/A,,,
2021,PILOT AWD,ELITE,YF6H0MKNW,"$44,963.16 ",$974.40 ,"$45,938 ","$49,945 ",SOLD OUT,,,,,"$1,500 ",,,65%,64%,62%,60%,59%,57%,55%,53%,50%,66%,65%,63%,61%,60%,58%,56%,54%,51%,64%,63%,61%,59%,57%,55%,53%,51%,48%,,,,,,,,,N/A,N/A,,,
2021,PILOT AWD,ELITE Premium Color,YF6H0MKNW-P,"$45,315.54 ",$982.30 ,"$46,298 ","$50,340 ",SOLD OUT,,,,,"$1,500 ",,,65%,64%,62%,60%,59%,57%,55%,53%,50%,66%,65%,63%,61%,60%,58%,56%,54%,51%,64%,63%,61%,59%,57%,55%,53%,51%,48%,,,,,,,,,N/A,N/A,,,
2021,PILOT AWD,BLACK EDITION,YF6H7MKXW,"$46,301.31 ","$1,004.40 ","$47,306 ","$51,445 ",SOLD OUT,,,,,"$1,500 ",,,65%,64%,62%,60%,59%,57%,55%,53%,50%,66%,65%,63%,61%,60%,58%,56%,54%,51%,64%,63%,61%,59%,57%,55%,53%,51%,48%,,,,,,,,,N/A,N/A,,,
2021,PILOT AWD,BLACK EDITION Premium Color,YF6H7MKXW-P,"$46,653.69 ","$1,012.30 ","$47,666 ","$51,840 ",SOLD OUT,,,,,"$1,500 ",,,65%,64%,62%,60%,59%,57%,55%,53%,50%,66%,65%,63%,61%,60%,58%,56%,54%,51%,64%,63%,61%,59%,57%,55%,53%,51%,48%,,,,,,,,,N/A,N/A,,,
2021,RIDGELINE AWD,SPORT,YK3F1MEW,"$34,711.09 ",$729.80 ,"$35,441 ","$37,715 ",DESK,,,,,,,,72%,71%,69%,67%,66%,64%,62%,60%,58%,73%,72%,70%,68%,67%,65%,63%,61%,59%,71%,70%,68%,66%,64%,62%,60%,58%,56%,,,,,,,,,N/A,N/A,,,
2021,RIDGELINE AWD,SPORT Premium Color,YK3F1MEW-P,"$35,070.86 ",$737.70 ,"$35,809 ","$38,110 ",DESK,,,,,,,,72%,71%,69%,67%,66%,64%,62%,60%,58%,73%,72%,70%,68%,67%,65%,63%,61%,59%,71%,70%,68%,66%,64%,62%,60%,58%,56%,,,,,,,,,N/A,N/A,,,
2021,RIDGELINE AWD,RTL,YK3F5MJNW,"$37,425.28 ",$789.40 ,"$38,215 ","$40,695 ",DESK,,,,,,,,71%,70%,68%,66%,65%,63%,61%,59%,57%,72%,71%,69%,67%,66%,64%,62%,60%,58%,70%,69%,67%,65%,63%,61%,59%,57%,55%,,,,,,,,,N/A,N/A,,,
2021,RIDGELINE AWD,RTL Premium Color,YK3F5MJNW-P,"$37,785.05 ",$797.30 ,"$38,582 ","$41,090 ",DESK,,,,,,,,71%,70%,68%,66%,65%,63%,61%,59%,57%,72%,71%,69%,67%,66%,64%,62%,60%,58%,70%,69%,67%,65%,63%,61%,59%,57%,55%,,,,,,,,,N/A,N/A,,,
2021,RIDGELINE AWD,RTL-E,YK3F7MKNW,"$39,456.75 ",$848.40 ,"$40,305 ","$43,645 ",DESK,,,,,,,,73%,72%,70%,68%,67%,65%,63%,61%,59%,74%,73%,71%,69%,68%,66%,64%,62%,60%,72%,71%,69%,67%,65%,63%,61%,59%,57%,,,,,,,,,N/A,N/A,,,
2021,RIDGELINE AWD,RTL-E Premium Color,YK3F7MKNW-P,"$39,816.52 ",$856.30 ,"$40,673 ","$44,040 ",DESK,,,,,,,,73%,72%,70%,68%,67%,65%,63%,61%,59%,74%,73%,71%,69%,68%,66%,64%,62%,60%,72%,71%,69%,67%,65%,63%,61%,59%,57%,,,,,,,,,N/A,N/A,,,
2021,RIDGELINE AWD,BLACK EDITION,YK3F8MKNW,"$40,799.77 ",$878.40 ,"$41,678 ","$45,145 ",DESK,,,,,,,,72%,71%,69%,67%,66%,64%,62%,60%,58%,73%,72%,70%,68%,67%,65%,63%,61%,59%,71%,70%,68%,66%,64%,62%,60%,58%,56%,,,,,,,,,N/A,N/A,,,
2021,RIDGELINE AWD,BLACK EDITION Premium Color,YK3F8MKNW-P,"$41,159.54 ",$886.30 ,"$42,046 ","$45,540 ",DESK,,,,,,,,72%,71%,69%,67%,66%,64%,62%,60%,58%,73%,72%,70%,68%,67%,65%,63%,61%,59%,71%,70%,68%,66%,64%,62%,60%,58%,56%,,,,,,,,,N/A,N/A,,,
2021,RIDGELINE AWD,Function Package,Function Package,,,$253 ,$275 ,"Bed Cargo Net, Trunk Cargo Net, Trunk Cargo Dividers, First Aid Kit",,,,,,,,1%,1%,1%,1%,2%,2%,2%,2%,2%,2%,2%,2%,2%,3%,3%,3%,3%,3%,,,,,,,,,,,,,,,,,,,,,,
2021,RIDGELINE AWD,Function+ Package,Function+ Package,,,"$1,228 ","$1,335 ","Hard Tonneau Cover,Bed Cargo Net, Trunk Cargo Net, Trunk Cargo Dividers, First Aid Kit",,,,,,,,1%,1%,1%,1%,2%,2%,2%,2%,2%,2%,2%,2%,2%,3%,3%,3%,3%,3%,,,,,,,,,,,,,,,,,,,,,,
2021,RIDGELINE AWD,Utility Package,Utility Package,,,"$1,375 ","$1,495 ","Running Boards, Roof Rails, Crossbars",,,,,,,,1%,1%,1%,1%,2%,2%,2%,2%,2%,2%,2%,2%,2%,3%,3%,3%,3%,3%,,,,,,,,,,,,,,,,,,,,,,
2021,RIDGELINE AWD,HPD Package,HPD Package,,,"$2,576 ","$2,800 ","Fender Flares, 18"" HPD Alloy Wheels, Grille, HPD Decals and Emblem",,,,,,,,1%,1%,1%,1%,2%,2%,2%,2%,2%,2%,2%,2%,2%,3%,3%,3%,3%,3%,,,,,,,,,,,,,,,,,,,,,,
,,,,,,,,,,,,,,,,2401%,2701%,3001%,3301%,3602%,3902%,4202%,4502%,4802%,2402%,2702%,3002%,3302%,3603%,3903%,4203%,4503%,4803%,2400%,2700%,3000%,3300%,3600%,3900%,4200%,4500%,4800%,,,,,,,,,,,,,
,,,,,,,,,,,,,,,,2401%,2701%,3001%,3301%,3602%,3902%,4202%,4502%,4802%,2402%,2702%,3002%,3302%,3603%,3903%,4203%,4503%,4803%,2400%,2700%,3000%,3300%,3600%,3900%,4200%,4500%,4800%,,,,,,,,,,,,,
,,,,,,,,,,,,,,,,2401%,2701%,3001%,3301%,3602%,3902%,4202%,4502%,4802%,2402%,2702%,3002%,3302%,3603%,3903%,4203%,4503%,4803%,2400%,2700%,3000%,3300%,3600%,3900%,4200%,4500%,4800%,,,,,,,,,,,,,
,,,,,,,,,,,,,,,,2401%,2701%,3001%,3301%,3602%,3902%,4202%,4502%,4802%,2402%,2702%,3002%,3302%,3603%,3903%,4203%,4503%,4803%,2400%,2700%,3000%,3300%,3600%,3900%,4200%,4500%,4800%,,,,,,,,,,,,,
,,,,,,,,,,,,,,,,2401%,2701%,3001%,3301%,3602%,3902%,4202%,4502%,4802%,2402%,2702%,3002%,3302%,3603%,3903%,4203%,4503%,4803%,2400%,2700%,3000%,3300%,3600%,3900%,4200%,4500%,4800%,,,,,,,,,,,,,
,,,,,,,,,,,,,,,,2401%,2701%,3001%,3301%,3602%,3902%,4202%,4502%,4802%,2402%,2702%,3002%,3302%,3603%,3903%,4203%,4503%,4803%,2400%,2700%,3000%,3300%,3600%,3900%,4200%,4500%,4800%,,,,,,,,,,,,,
,,,,,,,,,,,,,,,,,,,,,,,,,,,,,,,,,,,,,,,,,,,,,,,,,,,,,,,
,,,,,,,,,,,,,,,,,,,,,,,,,,,,,,,,,,,,,,,,,,,,,,,,,,,,,,,
,,,,,,,,,,,,,,,,,,,,,,,,,,,,,,,,,,,,,,,,,,,,,,,,,,,,,,,
2022,CIVIC SEDAN,LX 2.0,FE2F2NEW,"$21,882.79 ",$447.00 ,"$22,330 ","$23,365 ",DESK,1.90%,1.90%,2.90%,3.90%,,,,70%,69%,67%,65%,64%,62%,60%,58%,56%,71%,70%,68%,66%,65%,63%,61%,59%,57%,69%,68%,66%,64%,62%,60%,58%,56%,54%,1.90%,1.90%,2.90%,3.90%,5.90%,5.90%,6.9%IGS,2/28/2022,0.0015,0.00179,0.0007,0.00099,
2022,CIVIC SEDAN,LX 2.0 Premium Color,FE2F2NEW-P,"$22,248.66 ",$454.90 ,"$22,704 ","$23,760 ",DESK,1.90%,1.90%,2.90%,3.90%,,,,70%,69%,67%,65%,64%,62%,60%,58%,56%,71%,70%,68%,66%,65%,63%,61%,59%,57%,69%,68%,66%,64%,62%,60%,58%,56%,54%,1.90%,1.90%,2.90%,3.90%,5.90%,5.90%,6.9%IGS,2/28/2022,0.0015,0.00179,0.0007,0.00099,
2022,CIVIC SEDAN,SPORT 2.0,FE2F5NEW,"$23,064.44 ",$475.00 ,"$23,539 ","$24,765 ",DESK,1.90%,1.90%,2.90%,3.90%,,,,72%,71%,69%,67%,66%,64%,62%,60%,58%,73%,72%,70%,68%,67%,65%,63%,61%,59%,71%,70%,68%,66%,64%,62%,60%,58%,56%,1.90%,1.90%,2.90%,3.90%,5.90%,5.90%,6.9%IGS,2/28/2022,0.0015,0.00179,0.0007,0.00099,
2022,CIVIC SEDAN,SPORT 2.0 Premium Color,FE2F5NEW-P,"$23,430.31 ",$482.90 ,"$23,913 ","$25,160 ",DESK,1.90%,1.90%,2.90%,3.90%,,,,72%,71%,69%,67%,66%,64%,62%,60%,58%,73%,72%,70%,68%,67%,65%,63%,61%,59%,71%,70%,68%,66%,64%,62%,60%,58%,56%,1.90%,1.90%,2.90%,3.90%,5.90%,5.90%,6.9%IGS,2/28/2022,0.0015,0.00179,0.0007,0.00099,
2022,CIVIC SEDAN,EX 1.5T,FE1F7NJW,"$24,546.44 ",$507.00 ,"$25,053 ","$26,365 ",DESK,1.90%,1.90%,2.90%,3.90%,,,,70%,69%,67%,65%,64%,62%,60%,58%,56%,71%,70%,68%,66%,65%,63%,61%,59%,57%,69%,68%,66%,64%,62%,60%,58%,56%,54%,1.90%,1.90%,2.90%,3.90%,5.90%,5.90%,6.9%IGS,2/28/2022,0.0015,0.00179,0.0007,0.00099,
2022,CIVIC SEDAN,EX 1.5T Premium Color,FE1F7NJW-P,"$24,912.31 ",$514.90 ,"$25,427 ","$26,760 ",DESK,1.90%,1.90%,2.90%,3.90%,,,,70%,69%,67%,65%,64%,62%,60%,58%,56%,71%,70%,68%,66%,65%,63%,61%,59%,57%,69%,68%,66%,64%,62%,60%,58%,56%,54%,1.90%,1.90%,2.90%,3.90%,5.90%,5.90%,6.9%IGS,2/28/2022,0.0015,0.00179,0.0007,0.00099,
2022,CIVIC SEDAN,Touring 1.5T,FE1F9NKNW,"$27,433.66 ",$579.00 ,"$28,013 ","$29,965 ",DEC/JAN22,1.90%,1.90%,2.90%,3.90%,,,,68%,67%,65%,63%,62%,60%,58%,56%,54%,69%,68%,66%,64%,63%,61%,59%,57%,55%,67%,66%,64%,62%,60%,58%,56%,54%,52%,1.90%,1.90%,2.90%,3.90%,5.90%,5.90%,6.9%IGS,2/28/2022,0.0015,0.00179,0.0007,0.00099,
2022,CIVIC SEDAN,Touring 1.5T Premium Color,FE1F9NKNW-P,"$27,799.53 ",$586.90 ,"$28,386 ","$30,360 ",DEC/JAN22,1.90%,1.90%,2.90%,3.90%,,,,68%,67%,65%,63%,62%,60%,58%,56%,54%,69%,68%,66%,64%,63%,61%,59%,57%,55%,67%,66%,64%,62%,60%,58%,56%,54%,52%,1.90%,1.90%,2.90%,3.90%,5.90%,5.90%,6.9%IGS,2/28/2022,0.0015,0.00179,0.0007,0.00099,
2022,CIVIC SEDAN,SI,FE1E5NJXW,"$26,352.63 ",$546.00 ,"$26,899 ","$28,315 ",,,,,,,,,73%,72%,70%,68%,67%,65%,63%,61%,59%,74%,73%,71%,69%,68%,66%,64%,62%,60%,72%,71%,69%,67%,65%,63%,61%,59%,57%,,,,,,,,N/A,N/A,N/A,,,
2022,CIVIC SEDAN,SI Premium Color,FE1E5NJXW-P,"$26,718.50 ",$553.90 ,"$27,272 ","$28,710 ",,,,,,,,,73%,72%,70%,68%,67%,65%,63%,61%,59%,74%,73%,71%,69%,68%,66%,64%,62%,60%,72%,71%,69%,67%,65%,63%,61%,59%,57%,,,,,,,,N/A,N/A,N/A,,,
2022,CIVIC SEDAN,SI Summer Tires,FE1E5NJW,"$26,537.88 ",$550.00 ,"$27,088 ","$28,515 ",,,,,,,,,73%,72%,70%,68%,67%,65%,63%,61%,59%,74%,73%,71%,69%,68%,66%,64%,62%,60%,72%,71%,69%,67%,65%,63%,61%,59%,57%,,,,,,,,N/A,N/A,N/A,,,
2022,CIVIC SEDAN,SI Summer Tires Premium Color,FE1E5NJW-P,"$26,903.75 ",$557.90 ,"$27,462 ","$28,910 ",,,,,,,,,73%,72%,70%,68%,67%,65%,63%,61%,59%,74%,73%,71%,69%,68%,66%,64%,62%,60%,72%,71%,69%,67%,65%,63%,61%,59%,57%,,,,,,,,N/A,N/A,N/A,,,
2022,CIVIC HATCH,LX 2.0,FL2H5NEW,"$22,814.19 ",$467.00 ,"$23,281 ","$24,365 ",Not Available,1.90%,1.90%,2.90%,3.90%,,,,70%,69%,68%,66%,65%,63%,61%,59%,57%,71%,70%,69%,67%,66%,64%,62%,60%,58%,69%,68%,67%,65%,63%,61%,59%,57%,55%,1.90%,1.90%,2.90%,3.90%,5.90%,5.90%,6.9%IGS,2/28/2022,0.0015,0.00179,0.0007,0.00099,
2022,CIVIC HATCH,LX 2.0 Premium Color,FL2H5NEW-P,"$23,180.06 ",$474.90 ,"$23,655 ","$24,760 ",DEC/JAN22,1.90%,1.90%,2.90%,3.90%,,,,70%,69%,68%,66%,65%,63%,61%,59%,57%,71%,70%,69%,67%,66%,64%,62%,60%,58%,69%,68%,67%,65%,63%,61%,59%,57%,55%,1.90%,1.90%,2.90%,3.90%,5.90%,5.90%,6.9%IGS,2/28/2022,0.0015,0.00179,0.0007,0.00099,
2022,CIVIC HATCH,SPORT 2.0 Manual,FL2G8NEW,"$23,805.44 ",$491.00 ,"$24,296 ","$25,565 ",Not Available,1.90%,1.90%,2.90%,3.90%,,,,72%,71%,70%,68%,67%,65%,63%,61%,59%,73%,72%,71%,69%,68%,66%,64%,62%,60%,71%,70%,69%,67%,65%,63%,61%,59%,57%,1.90%,1.90%,2.90%,3.90%,5.90%,5.90%,6.9%IGS,2/28/2022,0.0015,0.00179,0.0007,0.00099,
2022,CIVIC HATCH,SPORT 2.0 Manual Premium Color,FL2G8NEW-P,"$24,171.31 ",$498.90 ,"$24,670 ","$25,960 ",Not Available,1.90%,1.90%,2.90%,3.90%,,,,72%,71%,70%,68%,67%,65%,63%,61%,59%,73%,72%,71%,69%,68%,66%,64%,62%,60%,71%,70%,69%,67%,65%,63%,61%,59%,57%,1.90%,1.90%,2.90%,3.90%,5.90%,5.90%,6.9%IGS,2/28/2022,0.0015,0.00179,0.0007,0.00099,
2022,CIVIC HATCH,SPORT 2.0,FL2H8NEW,"$23,805.44 ",$491.00 ,"$24,296 ","$25,565 ",Not Available,1.90%,1.90%,2.90%,3.90%,,,,72%,71%,70%,68%,67%,65%,63%,61%,59%,73%,72%,71%,69%,68%,66%,64%,62%,60%,71%,70%,69%,67%,65%,63%,61%,59%,57%,1.90%,1.90%,2.90%,3.90%,5.90%,5.90%,6.9%IGS,2/28/2022,0.0015,0.00179,0.0007,0.00099,
2022,CIVIC HATCH,SPORT 2.0 Premium Color,FL2H8NEW-P,"$24,171.31 ",$498.90 ,"$24,670 ","$25,960 ",DEC/JAN22,1.90%,1.90%,2.90%,3.90%,,,,72%,71%,70%,68%,67%,65%,63%,61%,59%,73%,72%,71%,69%,68%,66%,64%,62%,60%,71%,70%,69%,67%,65%,63%,61%,59%,57%,1.90%,1.90%,2.90%,3.90%,5.90%,5.90%,6.9%IGS,2/28/2022,0.0015,0.00179,0.0007,0.00099,
2022,CIVIC HATCH,EXL 1.5,FL1H7NJNW,"$26,121.06 ",$541.00 ,"$26,662 ","$28,065 ",Not Available,1.90%,1.90%,2.90%,3.90%,,,,70%,69%,68%,66%,65%,63%,61%,59%,57%,71%,70%,69%,67%,66%,64%,62%,60%,58%,69%,68%,67%,65%,63%,61%,59%,57%,55%,1.90%,1.90%,2.90%,3.90%,5.90%,5.90%,6.9%IGS,2/28/2022,0.0015,0.00179,0.0007,0.00099,
2022,CIVIC HATCH,EXL 1.5 Premium Color,FL1H7NJNW-P,"$26,486.93 ",$548.90 ,"$27,036 ","$28,460 ",Not Available,1.90%,1.90%,2.90%,3.90%,,,,70%,69%,68%,66%,65%,63%,61%,59%,57%,71%,70%,69%,67%,66%,64%,62%,60%,58%,69%,68%,67%,65%,63%,61%,59%,57%,55%,1.90%,1.90%,2.90%,3.90%,5.90%,5.90%,6.9%IGS,2/28/2022,0.0015,0.00179,0.0007,0.00099,
2022,CIVIC HATCH,SPORT TOUR 1.5 Manual,FL1G8NKNW,"$28,253.38 ",$597.00 ,"$28,850 ","$30,865 ",Not Available,1.90%,1.90%,2.90%,3.90%,,,,68%,67%,66%,64%,63%,61%,59%,57%,55%,69%,68%,67%,65%,64%,62%,60%,58%,56%,67%,66%,65%,63%,61%,59%,57%,55%,53%,1.90%,1.90%,2.90%,3.90%,5.90%,5.90%,6.9%IGS,2/28/2022,0.0015,0.00179,0.0007,0.00099,
2022,CIVIC HATCH,SPORT TOUR 1.5 Manual Premium Color,FL1G8NKNW-P,"$28,619.25 ",$604.90 ,"$29,224 ","$31,260 ",Not Available,1.90%,1.90%,2.90%,3.90%,,,,68%,67%,66%,64%,63%,61%,59%,57%,55%,69%,68%,67%,65%,64%,62%,60%,58%,56%,67%,66%,65%,63%,61%,59%,57%,55%,53%,1.90%,1.90%,2.90%,3.90%,5.90%,5.90%,6.9%IGS,2/28/2022,0.0015,0.00179,0.0007,0.00099,
2022,CIVIC HATCH,SPORT TOUR 1.5,FL1H8NKNW,"$28,253.38 ",$597.00 ,"$28,850 ","$30,865 ",Not Available,1.90%,1.90%,2.90%,3.90%,,,,68%,67%,66%,64%,63%,61%,59%,57%,55%,69%,68%,67%,65%,64%,62%,60%,58%,56%,67%,66%,65%,63%,61%,59%,57%,55%,53%,1.90%,1.90%,2.90%,3.90%,5.90%,5.90%,6.9%IGS,2/28/2022,0.0015,0.00179,0.0007,0.00099,
2022,CIVIC HATCH,SPORT TOUR 1.5 Premium Color,FL1H8NKNW-P,"$28,619.25 ",$604.90 ,"$29,224 ","$31,260 ",Not Available,1.90%,1.90%,2.90%,3.90%,,,,68%,67%,66%,64%,63%,61%,59%,57%,55%,69%,68%,67%,65%,64%,62%,60%,58%,56%,67%,66%,65%,63%,61%,59%,57%,55%,53%,1.90%,1.90%,2.90%,3.90%,5.90%,5.90%,6.9%IGS,2/28/2022,0.0015,0.00179,0.0007,0.00099,
2022,CIVIC TYPE R,TYPE R Touring,,$0.00 ,$0.00 ,$0 ,$0 ,,,,,,,,,2401%,2701%,3001%,3301%,3602%,3902%,4202%,4502%,4802%,2402%,2702%,3002%,3302%,3603%,3903%,4203%,4503%,4803%,2400%,2700%,3000%,3300%,3600%,3900%,4200%,4500%,4800%,,,,,,,,,,,,,
2022,CIVIC TYPE R,TYPE R Touring Premium Color,,$0.00 ,$0.00 ,$0 ,$0 ,,,,,,,,,2401%,2701%,3001%,3301%,3602%,3902%,4202%,4502%,4802%,2402%,2702%,3002%,3302%,3603%,3903%,4203%,4503%,4803%,2400%,2700%,3000%,3300%,3600%,3900%,4200%,4500%,4800%,,,,,,,,,,,,,
2022,CIVIC TYPE R,TYPE R Limited Edition,,$0.00 ,$0.00 ,$0 ,$0 ,,,,,,,,,2401%,2701%,3001%,3301%,3602%,3902%,4202%,4502%,4802%,2402%,2702%,3002%,3302%,3603%,3903%,4203%,4503%,4803%,2400%,2700%,3000%,3300%,3600%,3900%,4200%,4500%,4800%,,,,,,,,,,,,,
2022,ACCORD SEDAN,LX 1.5T,CV1F1NEW,"$25,394.17 ",$522.40 ,"$25,917 ","$27,135 ",,1.90%,1.90%,2.90%,3.90%,,,,65%,64%,62%,60%,59%,57%,55%,53%,51%,66%,65%,63%,61%,60%,58%,56%,54%,52%,64%,63%,61%,59%,57%,55%,53%,51%,49%,1.90%,1.90%,2.90%,3.90%,5.90%,5.90%,6.9%IGS,2/28/2022,0.0015,0.00174,0.0007,0.00094,
2022,ACCORD SEDAN,LX 1.5T Premium Color,CV1F1NEW-P,"$25,755.97 ",$530.30 ,"$26,286 ","$27,530 ",,1.90%,1.90%,2.90%,3.90%,,,,65%,64%,62%,60%,59%,57%,55%,53%,51%,66%,65%,63%,61%,60%,58%,56%,54%,52%,64%,63%,61%,59%,57%,55%,53%,51%,49%,1.90%,1.90%,2.90%,3.90%,5.90%,5.90%,6.9%IGS,2/28/2022,0.0015,0.00174,0.0007,0.00094,
2022,ACCORD SEDAN,SPORT 1.5T,CV1F3NEW,"$27,243.85 ",$571.60 ,"$27,815 ","$29,595 ",,1.90%,1.90%,2.90%,3.90%,,,,66%,65%,63%,61%,60%,58%,56%,54%,52%,67%,66%,64%,62%,61%,59%,57%,55%,53%,65%,64%,62%,60%,58%,56%,54%,52%,50%,1.90%,1.90%,2.90%,3.90%,5.90%,5.90%,6.9%IGS,2/28/2022,0.0015,0.00174,0.0007,0.00094,
2022,ACCORD SEDAN,SPORT 1.5T Premium Color,CV1F3NEW-P,"$27,605.65 ",$579.50 ,"$28,185 ","$29,990 ",,1.90%,1.90%,2.90%,3.90%,,,,66%,65%,63%,61%,60%,58%,56%,54%,52%,67%,66%,64%,62%,61%,59%,57%,55%,53%,65%,64%,62%,60%,58%,56%,54%,52%,50%,1.90%,1.90%,2.90%,3.90%,5.90%,5.90%,6.9%IGS,2/28/2022,0.0015,0.00174,0.0007,0.00094,
2022,ACCORD SEDAN,SPORT SE 1.5T,CV1F4NENW,"$28,608.62 ",$601.40 ,"$29,210 ","$31,085 ",,1.90%,1.90%,2.90%,3.90%,,,,66%,65%,63%,61%,60%,58%,56%,54%,52%,67%,66%,64%,62%,61%,59%,57%,55%,53%,65%,64%,62%,60%,58%,56%,54%,52%,50%,1.90%,1.90%,2.90%,3.90%,5.90%,5.90%,6.9%IGS,2/28/2022,0.0015,0.00174,0.0007,0.00094,
2022,ACCORD SEDAN,SPORT SE 1.5T Premium Color,CV1F4NENW-P,"$28,970.42 ",$609.30 ,"$29,580 ","$31,480 ",,1.90%,1.90%,2.90%,3.90%,,,,66%,65%,63%,61%,60%,58%,56%,54%,52%,67%,66%,64%,62%,61%,59%,57%,55%,53%,65%,64%,62%,60%,58%,56%,54%,52%,50%,1.90%,1.90%,2.90%,3.90%,5.90%,5.90%,6.9%IGS,2/28/2022,0.0015,0.00174,0.0007,0.00094,
2022,ACCORD SEDAN,EXL 1.5T,CV1F5NJNW,"$30,779.42 ",$648.80 ,"$31,428 ","$33,455 ",,1.90%,1.90%,2.90%,3.90%,,,,64%,63%,61%,59%,58%,56%,54%,52%,50%,65%,64%,62%,60%,59%,57%,55%,53%,51%,63%,62%,60%,58%,56%,54%,52%,50%,48%,1.90%,1.90%,2.90%,3.90%,5.90%,5.90%,6.9%IGS,2/28/2022,0.0015,0.00174,0.0007,0.00094,
2022,ACCORD SEDAN,EXL 1.5T Premium Color,CV1F5NJNW-P,"$31,141.22 ",$656.70 ,"$31,798 ","$33,850 ",,1.90%,1.90%,2.90%,3.90%,,,,64%,63%,61%,59%,58%,56%,54%,52%,50%,65%,64%,62%,60%,59%,57%,55%,53%,51%,63%,62%,60%,58%,56%,54%,52%,50%,48%,1.90%,1.90%,2.90%,3.90%,5.90%,5.90%,6.9%IGS,2/28/2022,0.0015,0.00174,0.0007,0.00094,
2022,ACCORD SEDAN,SPORT 2.0T,CV2F3NJW,"$31,530.50 ",$665.20 ,"$32,196 ","$34,275 ",,1.90%,1.90%,2.90%,3.90%,,,,65%,64%,62%,60%,59%,57%,55%,53%,51%,66%,65%,63%,61%,60%,58%,56%,54%,52%,64%,63%,61%,59%,57%,55%,53%,51%,49%,1.90%,1.90%,2.90%,3.90%,5.90%,5.90%,6.9%IGS,2/28/2022,0.0015,0.00174,0.0007,0.00094,
2022,ACCORD SEDAN,SPORT 2.0T Premium Color,CV2F3NJW-P,"$31,892.30 ",$673.10 ,"$32,565 ","$34,670 ",,1.90%,1.90%,2.90%,3.90%,,,,65%,64%,62%,60%,59%,57%,55%,53%,51%,66%,65%,63%,61%,60%,58%,56%,54%,52%,64%,63%,61%,59%,57%,55%,53%,51%,49%,1.90%,1.90%,2.90%,3.90%,5.90%,5.90%,6.9%IGS,2/28/2022,0.0015,0.00174,0.0007,0.00094,
2022,ACCORD SEDAN,TOURING 2.0T,CV2F9NKNW,"$35,330.03 ",$761.00 ,"$36,091 ","$39,065 ",,1.90%,1.90%,2.90%,3.90%,,,,64%,63%,61%,59%,58%,56%,54%,52%,50%,65%,64%,62%,60%,59%,57%,55%,53%,51%,63%,62%,60%,58%,56%,54%,52%,50%,48%,1.90%,1.90%,2.90%,3.90%,5.90%,5.90%,6.9%IGS,2/28/2022,0.0015,0.00174,0.0007,0.00094,
2022,ACCORD SEDAN,TOURING 2.0T Premium Color,CV2F9NKNW-P,"$35,691.83 ",$768.90 ,"$36,461 ","$39,460 ",,1.90%,1.90%,2.90%,3.90%,,,,64%,63%,61%,59%,58%,56%,54%,52%,50%,65%,64%,62%,60%,59%,57%,55%,53%,51%,63%,62%,60%,58%,56%,54%,52%,50%,48%,1.90%,1.90%,2.90%,3.90%,5.90%,5.90%,6.9%IGS,2/28/2022,0.0015,0.00174,0.0007,0.00094,
2022,ACCORD HYBRID,BASE,CV3F1NEW,"$26,511.85 ",$546.40 ,"$27,058 ","$28,335 ",,1.90%,1.90%,2.90%,3.90%,,,,64%,63%,61%,59%,58%,56%,54%,52%,50%,65%,64%,62%,60%,59%,57%,55%,53%,51%,63%,62%,60%,58%,56%,54%,52%,50%,48%,1.90%,1.90%,2.90%,3.90%,5.90%,5.90%,6.9%IGS,2/28/2022,0.0015,0.00174,0.0007,0.00094,
2022,ACCORD HYBRID,BASE Premium Color,CV3F1NEW-P,"$26,873.65 ",$554.30 ,"$27,428 ","$28,730 ",,1.90%,1.90%,2.90%,3.90%,,,,1%,1%,1%,1%,2%,2%,2%,2%,2%,2%,2%,2%,2%,3%,3%,3%,3%,3%,,,,,,,,,,1.90%,1.90%,2.90%,3.90%,5.90%,5.90%,6.9%IGS,2/28/2022,0.0015,0.00174,0.0007,0.00094,
2022,ACCORD HYBRID,Sport,CV3F2NEW,"$29,158.19 ",$613.40 ,"$29,772 ","$31,685 ",,1.90%,1.90%,2.90%,3.90%,,,,65%,64%,62%,60%,59%,57%,55%,53%,51%,66%,65%,63%,61%,60%,58%,56%,54%,52%,64%,63%,61%,59%,57%,55%,53%,51%,49%,1.90%,1.90%,2.90%,3.90%,5.90%,5.90%,6.9%IGS,2/28/2022,0.0015,0.00174,0.0007,0.00094,
2022,ACCORD HYBRID,Sport Premium Color,CV3F2NEW-P,"$29,519.99 ",$621.30 ,"$30,141 ","$32,080 ",,1.90%,1.90%,2.90%,3.90%,,,,1%,1%,1%,1%,2%,2%,2%,2%,2%,2%,2%,2%,2%,3%,3%,3%,3%,3%,,,,,,,,,,1.90%,1.90%,2.90%,3.90%,5.90%,5.90%,6.9%IGS,2/28/2022,0.0015,0.00174,0.0007,0.00094,
2022,ACCORD HYBRID,EXL,CV3F5NJNW,"$31,878.56 ",$672.80 ,"$32,551 ","$34,655 ",,1.90%,1.90%,2.90%,3.90%,,,,63%,62%,60%,58%,57%,55%,53%,51%,49%,64%,63%,61%,59%,58%,56%,54%,52%,50%,62%,61%,59%,57%,55%,53%,51%,49%,47%,1.90%,1.90%,2.90%,3.90%,5.90%,5.90%,6.9%IGS,2/28/2022,0.0015,0.00174,0.0007,0.00094,
2022,ACCORD HYBRID,EXL Premium Color,CV3F5NJNW-P,"$32,240.36 ",$680.70 ,"$32,921 ","$35,050 ",,1.90%,1.90%,2.90%,3.90%,,,,1%,1%,1%,1%,2%,2%,2%,2%,2%,2%,2%,2%,2%,3%,3%,3%,3%,3%,,,,,,,,,,1.90%,1.90%,2.90%,3.90%,5.90%,5.90%,6.9%IGS,2/28/2022,0.0015,0.00174,0.0007,0.00094,
2022,ACCORD HYBRID,TOURING,CV3F9NKNW,"$34,555.60 ",$743.80 ,"$35,299 ","$38,205 ",,1.90%,1.90%,2.90%,3.90%,,,,63%,62%,60%,58%,57%,55%,53%,51%,49%,64%,63%,61%,59%,58%,56%,54%,52%,50%,62%,61%,59%,57%,55%,53%,51%,49%,47%,1.90%,1.90%,2.90%,3.90%,5.90%,5.90%,6.9%IGS,2/28/2022,0.0015,0.00174,0.0007,0.00094,
2022,ACCORD HYBRID,TOURING Premium Color,CV3F9NKNW-P,"$34,917.40 ",$751.70 ,"$35,669 ","$38,600 ",,1.90%,1.90%,2.90%,3.90%,,,,1%,1%,1%,1%,2%,2%,2%,2%,2%,2%,2%,2%,2%,3%,3%,3%,3%,3%,,,,,,,,,,1.90%,1.90%,2.90%,3.90%,5.90%,5.90%,6.9%IGS,2/28/2022,0.0015,0.00174,0.0007,0.00094,
2022,INSIGHT,EX,ZE4F5NEW,"$24,926.20 ",$515.20 ,"$25,441 ","$26,775 ",DESK,1.90%,1.90%,2.90%,3.90%,,,,61%,60%,59%,57%,56%,54%,52%,50%,48%,62%,61%,60%,58%,57%,55%,53%,51%,49%,60%,59%,58%,56%,54%,52%,50%,48%,46%,1.90%,1.90%,2.90%,3.90%,5.90%,5.90%,6.9%IGS,2/28/2022,N/A,N/A,,,
2022,INSIGHT,EX Premium Color,ZE4F5NEW-P,"$25,292.07 ",$523.10 ,"$25,815 ","$27,170 ",DESK,1.90%,1.90%,2.90%,3.90%,,,,61%,60%,59%,57%,56%,54%,52%,50%,48%,62%,61%,60%,58%,57%,55%,53%,51%,49%,60%,59%,58%,56%,54%,52%,50%,48%,46%,1.90%,1.90%,2.90%,3.90%,5.90%,5.90%,6.9%IGS,2/28/2022,N/A,N/A,,,
2022,INSIGHT,TOURING,ZE4F9NKNW,"$28,198.73 ",$595.80 ,"$28,795 ","$30,805 ",DESK,1.90%,1.90%,2.90%,3.90%,,,,60%,59%,58%,56%,55%,53%,51%,49%,47%,61%,60%,59%,57%,56%,54%,52%,50%,48%,59%,58%,57%,55%,53%,51%,49%,47%,45%,1.90%,1.90%,2.90%,3.90%,5.90%,5.90%,6.9%IGS,2/28/2022,N/A,N/A,,,
2022,INSIGHT,TOURING Premium Color,ZE4F9NKNW-P,"$28,564.60 ",$603.70 ,"$29,168 ","$31,200 ",DESK,1.90%,1.90%,2.90%,3.90%,,,,60%,59%,58%,56%,55%,53%,51%,49%,47%,61%,60%,59%,57%,56%,54%,52%,50%,48%,59%,58%,57%,55%,53%,51%,49%,47%,45%,1.90%,1.90%,2.90%,3.90%,5.90%,5.90%,6.9%IGS,2/28/2022,N/A,N/A,,,
2022,CLARITY,PHEV,,$0.00 ,$0.00 ,$0 ,$0 ,,,,,,,,,2401%,2701%,3001%,3301%,3602%,3902%,4202%,4502%,4802%,2402%,2702%,3002%,3302%,3603%,3903%,4203%,4503%,4803%,2400%,2700%,3000%,3300%,3600%,3900%,4200%,4500%,4800%,,,,,,,,,,,,,
2022,CLARITY,PHEV Premium Color,,$0.00 ,$0.00 ,$0 ,$0 ,,,,,,,,,2401%,2701%,3001%,3301%,3602%,3902%,4202%,4502%,4802%,2402%,2702%,3002%,3302%,3603%,3903%,4203%,4503%,4803%,2400%,2700%,3000%,3300%,3600%,3900%,4200%,4500%,4800%,,,,,,,,,,,,,
2022,CLARITY,TOURING,,$0.00 ,$0.00 ,$0 ,$0 ,,,,,,,,,2401%,2701%,3001%,3301%,3602%,3902%,4202%,4502%,4802%,2402%,2702%,3002%,3302%,3603%,3903%,4203%,4503%,4803%,2400%,2700%,3000%,3300%,3600%,3900%,4200%,4500%,4800%,,,,,,,,,,,,,
2022,CLARITY,TOURING Premium Color,,$0.00 ,$0.00 ,$0 ,$0 ,,,,,,,,,2401%,2701%,3001%,3301%,3602%,3902%,4202%,4502%,4802%,2402%,2702%,3002%,3302%,3603%,3903%,4203%,4503%,4803%,2400%,2700%,3000%,3300%,3600%,3900%,4200%,4500%,4800%,,,,,,,,,,,,,
2022,HRV AWD,LX,RU6H3NEW,"$23,042.82 ",$467.40 ,"$23,510 ","$24,595 ",DESK,0.90%,0.90%,1.90%,2.90%,,,$500 ,67%,66%,64%,62%,61%,59%,57%,55%,52%,68%,67%,65%,63%,62%,60%,58%,56%,53%,66%,65%,63%,61%,59%,57%,55%,53%,50%,0.90%,0.90%,1.90%,2.90%,5.90%,5.90%,6.9%IGS,2/28/2022,0.0012,0.00149,0.0004,0.00069,
2022,HRV AWD,LX Premium Color,RU6H3NEW-P,"$23,408.69 ",$475.30 ,"$23,884 ","$24,990 ",DESK,0.90%,0.90%,1.90%,2.90%,,,$500 ,67%,66%,64%,62%,61%,59%,57%,55%,52%,68%,67%,65%,63%,62%,60%,58%,56%,53%,66%,65%,63%,61%,59%,57%,55%,53%,50%,0.90%,0.90%,1.90%,2.90%,5.90%,5.90%,6.9%IGS,2/28/2022,0.0012,0.00149,0.0004,0.00069,
2022,HRV AWD,SPORT,RU6H1NEW,"$24,728.65 ",$506.40 ,"$25,235 ","$26,545 ",DESK,0.90%,0.90%,1.90%,2.90%,,,$500 ,68%,67%,65%,63%,62%,60%,58%,56%,53%,69%,68%,66%,64%,63%,61%,59%,57%,54%,67%,66%,64%,62%,60%,58%,56%,54%,51%,0.90%,0.90%,1.90%,2.90%,5.90%,5.90%,6.9%IGS,2/28/2022,0.0012,0.00149,0.0004,0.00069,
2022,HRV AWD,SPORT Premium Color,RU6H1NEW-P,"$25,094.52 ",$514.30 ,"$25,609 ","$26,940 ",DESK,0.90%,0.90%,1.90%,2.90%,,,$500 ,68%,67%,65%,63%,62%,60%,58%,56%,53%,69%,68%,66%,64%,63%,61%,59%,57%,54%,67%,66%,64%,62%,60%,58%,56%,54%,51%,0.90%,0.90%,1.90%,2.90%,5.90%,5.90%,6.9%IGS,2/28/2022,0.0012,0.00149,0.0004,0.00069,
2022,HRV AWD,EX,RU6H5NJW,"$25,886.46 ",$531.40 ,"$26,418 ","$27,795 ",DESK,0.90%,0.90%,1.90%,2.90%,,,$500 ,66%,65%,63%,61%,60%,58%,56%,54%,51%,67%,66%,64%,62%,61%,59%,57%,55%,52%,65%,64%,62%,60%,58%,56%,54%,52%,49%,0.90%,0.90%,1.90%,2.90%,5.90%,5.90%,6.9%IGS,2/28/2022,0.0012,0.00149,0.0004,0.00069,
2022,HRV AWD,EX Premium Color,RU6H5NJW-P,"$26,252.33 ",$539.30 ,"$26,792 ","$28,190 ",DESK,0.90%,0.90%,1.90%,2.90%,,,$500 ,66%,65%,63%,61%,60%,58%,56%,54%,51%,67%,66%,64%,62%,61%,59%,57%,55%,52%,65%,64%,62%,60%,58%,56%,54%,52%,49%,0.90%,0.90%,1.90%,2.90%,5.90%,5.90%,6.9%IGS,2/28/2022,0.0012,0.00149,0.0004,0.00069,
2022,HRV AWD,EXL,RU6H7NJNW,"$27,368.46 ",$563.40 ,"$27,932 ","$29,395 ",DESK,0.90%,0.90%,1.90%,2.90%,,,$500 ,65%,64%,62%,60%,59%,57%,55%,53%,50%,66%,65%,63%,61%,60%,58%,56%,54%,51%,64%,63%,61%,59%,57%,55%,53%,51%,48%,0.90%,0.90%,1.90%,2.90%,5.90%,5.90%,6.9%IGS,2/28/2022,0.0012,0.00149,0.0004,0.00069,
2022,HRV AWD,EXL Premium Color,RU6H7NJNW-P,"$27,734.33 ",$571.30 ,"$28,306 ","$29,790 ",DESK,0.90%,0.90%,1.90%,2.90%,,,$500 ,65%,64%,62%,60%,59%,57%,55%,53%,50%,66%,65%,63%,61%,60%,58%,56%,54%,51%,64%,63%,61%,59%,57%,55%,53%,51%,48%,0.90%,0.90%,1.90%,2.90%,5.90%,5.90%,6.9%IGS,2/28/2022,0.0012,0.00149,0.0004,0.00069,
2022,CRV AWD,LX 2.4,RW2H2NEW,"$27,262.06 ",$558.00 ,"$27,820 ","$29,125 ",DESK,1.90%,1.90%,2.90%,3.90%,,,,67%,66%,64%,62%,61%,59%,57%,55%,53%,68%,67%,65%,63%,62%,60%,58%,56%,54%,66%,65%,63%,61%,59%,57%,55%,53%,51%,1.90%,1.90%,2.90%,3.90%,5.90%,5.90%,6.9%IGS,2/28/2022,0.0015,0.0018,0.0007,0.001,
2022,CRV AWD,LX 2.4 Premium Color,RW2H2NEW-P,"$27,623.86 ",$565.90 ,"$28,190 ","$29,520 ",DESK,1.90%,1.90%,2.90%,3.90%,,,,67%,66%,64%,62%,61%,59%,57%,55%,53%,68%,67%,65%,63%,62%,60%,58%,56%,54%,66%,65%,63%,61%,59%,57%,55%,53%,51%,1.90%,1.90%,2.90%,3.90%,5.90%,5.90%,6.9%IGS,2/28/2022,0.0015,0.0018,0.0007,0.001,
2022,CRV AWD,SE 1.5,RW2H7NEW,"$28,379.74 ",$582.00 ,"$28,962 ","$30,325 ",DESK,1.90%,1.90%,2.90%,3.90%,,,,68%,67%,65%,63%,62%,60%,58%,56%,54%,69%,68%,66%,64%,63%,61%,59%,57%,55%,67%,66%,64%,62%,60%,58%,56%,54%,52%,1.90%,1.90%,2.90%,3.90%,5.90%,5.90%,6.9%IGS,2/28/2022,0.0015,0.0018,0.0007,0.001,
2022,CRV AWD,SE 1.5 Premium Color,RW2H7NEW-P,"$28,741.54 ",$589.90 ,"$29,331 ","$30,720 ",DESK,1.90%,1.90%,2.90%,3.90%,,,,68%,67%,65%,63%,62%,60%,58%,56%,54%,69%,68%,66%,64%,63%,61%,59%,57%,55%,67%,66%,64%,62%,60%,58%,56%,54%,52%,1.90%,1.90%,2.90%,3.90%,5.90%,5.90%,6.9%IGS,2/28/2022,0.0015,0.0018,0.0007,0.001,
2022,CRV AWD,EX 1.5T,RW2H5NJW,"$29,130.04 ",$608.20 ,"$29,738 ","$31,635 ",DESK,1.90%,1.90%,2.90%,3.90%,,,,68%,67%,65%,63%,62%,60%,58%,56%,54%,69%,68%,66%,64%,63%,61%,59%,57%,55%,67%,66%,64%,62%,60%,58%,56%,54%,52%,1.90%,1.90%,2.90%,3.90%,5.90%,5.90%,6.9%IGS,2/28/2022,0.0015,0.0018,0.0007,0.001,
2022,CRV AWD,EX 1.5T Premium Color,RW2H5NJW-P,"$29,491.84 ",$616.10 ,"$30,108 ","$32,030 ",DESK,1.90%,1.90%,2.90%,3.90%,,,,68%,67%,65%,63%,62%,60%,58%,56%,54%,69%,68%,66%,64%,63%,61%,59%,57%,55%,67%,66%,64%,62%,60%,58%,56%,54%,52%,1.90%,1.90%,2.90%,3.90%,5.90%,5.90%,6.9%IGS,2/28/2022,0.0015,0.0018,0.0007,0.001,
2022,CRV AWD,EXL 1.5T,RW2H8NJNW,"$31,502.35 ",$660.00 ,"$32,162 ","$34,225 ",DESK,1.90%,1.90%,2.90%,3.90%,,,,68%,67%,65%,63%,62%,60%,58%,56%,54%,69%,68%,66%,64%,63%,61%,59%,57%,55%,67%,66%,64%,62%,60%,58%,56%,54%,52%,1.90%,1.90%,2.90%,3.90%,5.90%,5.90%,6.9%IGS,2/28/2022,0.0015,0.0018,0.0007,0.001,
2022,CRV AWD,EXL 1.5T Premium Color,RW2H8NJNW-P,"$31,864.15 ",$667.90 ,"$32,532 ","$34,620 ",DESK,1.90%,1.90%,2.90%,3.90%,,,,68%,67%,65%,63%,62%,60%,58%,56%,54%,69%,68%,66%,64%,63%,61%,59%,57%,55%,67%,66%,64%,62%,60%,58%,56%,54%,52%,1.90%,1.90%,2.90%,3.90%,5.90%,5.90%,6.9%IGS,2/28/2022,0.0015,0.0018,0.0007,0.001,
2022,CRV AWD,TOURING 1.5T,RW2H9NKNW,"$33,874.10 ",$724.00 ,"$34,598 ","$37,425 ",DESK,1.90%,1.90%,2.90%,3.90%,,,,68%,67%,65%,63%,62%,60%,58%,56%,54%,69%,68%,66%,64%,63%,61%,59%,57%,55%,67%,66%,64%,62%,60%,58%,56%,54%,52%,1.90%,1.90%,2.90%,3.90%,5.90%,5.90%,6.9%IGS,2/28/2022,0.0015,0.0018,0.0007,0.001,
2022,CRV AWD,TOURING 1.5T Premium Color,RW2H9NKNW-P,"$34,235.90 ",$731.90 ,"$34,968 ","$37,820 ",DESK,1.90%,1.90%,2.90%,3.90%,,,,68%,67%,65%,63%,62%,60%,58%,56%,54%,69%,68%,66%,64%,63%,61%,59%,57%,55%,67%,66%,64%,62%,60%,58%,56%,54%,52%,1.90%,1.90%,2.90%,3.90%,5.90%,5.90%,6.9%IGS,2/28/2022,0.0015,0.0018,0.0007,0.001,
2022,CRV AWD,EX HYBRID,RT6H5NJW,"$30,229.18 ",$632.20 ,"$30,861 ","$32,835 ",DESK,1.90%,1.90%,2.90%,3.90%,,,,70%,69%,67%,65%,64%,62%,60%,58%,56%,71%,70%,68%,66%,65%,63%,61%,59%,57%,69%,68%,66%,64%,62%,60%,58%,56%,54%,1.90%,1.90%,2.90%,3.90%,5.90%,5.90%,6.9%IGS,2/28/2022,0.0015,0.0018,0.0007,0.001,
2022,CRV AWD,EX HYBRID Premium Color,RT6H5NJW-P,"$30,590.98 ",$640.10 ,"$31,231 ","$33,230 ",DESK,1.90%,1.90%,2.90%,3.90%,,,,70%,69%,67%,65%,64%,62%,60%,58%,56%,71%,70%,68%,66%,65%,63%,61%,59%,57%,69%,68%,66%,64%,62%,60%,58%,56%,54%,1.90%,1.90%,2.90%,3.90%,5.90%,5.90%,6.9%IGS,2/28/2022,0.0015,0.0018,0.0007,0.001,
2022,CRV AWD,EXL HYBRID,RT6H8NJNW,"$32,601.49 ",$684.00 ,"$33,285 ","$35,425 ",DESK,1.90%,1.90%,2.90%,3.90%,,,,69%,68%,66%,64%,63%,61%,59%,57%,55%,70%,69%,67%,65%,64%,62%,60%,58%,56%,68%,67%,65%,63%,61%,59%,57%,55%,53%,1.90%,1.90%,2.90%,3.90%,5.90%,5.90%,6.9%IGS,2/28/2022,0.0015,0.0018,0.0007,0.001,
2022,CRV AWD,EXL HYBRID Premium Color,RT6H8NJNW-P,"$32,963.29 ",$691.90 ,"$33,655 ","$35,820 ",DESK,1.90%,1.90%,2.90%,3.90%,,,,69%,68%,66%,64%,63%,61%,59%,57%,55%,70%,69%,67%,65%,64%,62%,60%,58%,56%,68%,67%,65%,63%,61%,59%,57%,55%,53%,1.90%,1.90%,2.90%,3.90%,5.90%,5.90%,6.9%IGS,2/28/2022,0.0015,0.0018,0.0007,0.001,
2022,CRV AWD,TOUR HYBRID,RT6H9NKNW,"$34,954.70 ",$748.00 ,"$35,703 ","$38,625 ",DESK,1.90%,1.90%,2.90%,3.90%,,,,69%,68%,66%,64%,63%,61%,59%,57%,55%,70%,69%,67%,65%,64%,62%,60%,58%,56%,68%,67%,65%,63%,61%,59%,57%,55%,53%,1.90%,1.90%,2.90%,3.90%,5.90%,5.90%,6.9%IGS,2/28/2022,0.0015,0.0018,0.0007,0.001,
2022,CRV AWD,TOUR HYBRID Premium Color,RT6H9NKNW-P,"$35,316.50 ",$755.90 ,"$36,072 ","$39,020 ",DESK,1.90%,1.90%,2.90%,3.90%,,,,69%,68%,66%,64%,63%,61%,59%,57%,55%,70%,69%,67%,65%,64%,62%,60%,58%,56%,68%,67%,65%,63%,61%,59%,57%,55%,53%,1.90%,1.90%,2.90%,3.90%,5.90%,5.90%,6.9%IGS,2/28/2022,0.0015,0.0018,0.0007,0.001,
2022,ODYSSEY,LX,RL6H2NEW,"$32,049.46 ",$660.80 ,"$32,710 ","$34,265 ",FEB/MAR 22,1.90%,1.90%,2.90%,3.90%,,,,64%,63%,61%,59%,58%,56%,54%,52%,50%,65%,64%,62%,60%,59%,57%,55%,53%,51%,63%,62%,60%,58%,56%,54%,52%,50%,48%,1.90%,1.90%,2.90%,3.90%,5.90%,5.90%,6.9%IGS,2/28/2022,0.0014,0.0016,0.0006,0.0008,
2022,ODYSSEY,LX Premium Color,RL6H2NEW-P,"$32,409.23 ",$668.70 ,"$33,078 ","$34,660 ",FEB/MAR 22,1.90%,1.90%,2.90%,3.90%,,,,64%,63%,61%,59%,58%,56%,54%,52%,50%,65%,64%,62%,60%,59%,57%,55%,53%,51%,63%,62%,60%,58%,56%,54%,52%,50%,48%,1.90%,1.90%,2.90%,3.90%,5.90%,5.90%,6.9%IGS,2/28/2022,0.0014,0.0016,0.0006,0.0008,
2022,ODYSSEY,EX,RL6H5NEXW,"$34,465.55 ",$728.80 ,"$35,194 ","$37,665 ",FEB/MAR 22,1.90%,1.90%,2.90%,3.90%,,,,65%,64%,62%,60%,59%,57%,55%,53%,51%,66%,65%,63%,61%,60%,58%,56%,54%,52%,64%,63%,61%,59%,57%,55%,53%,51%,49%,1.90%,1.90%,2.90%,3.90%,5.90%,5.90%,6.9%IGS,2/28/2022,0.0014,0.0016,0.0006,0.0008,
2022,ODYSSEY,EX Premium Color,RL6H5NEXW-P,"$34,825.32 ",$736.70 ,"$35,562 ","$38,060 ",FEB/MAR 22,1.90%,1.90%,2.90%,3.90%,,,,65%,64%,62%,60%,59%,57%,55%,53%,51%,66%,65%,63%,61%,60%,58%,56%,54%,52%,64%,63%,61%,59%,57%,55%,53%,51%,49%,1.90%,1.90%,2.90%,3.90%,5.90%,5.90%,6.9%IGS,2/28/2022,0.0014,0.0016,0.0006,0.0008,
2022,ODYSSEY,EXL,RL6H7NJXW,"$37,443.87 ",$794.20 ,"$38,238 ","$40,935 ",FEB/MAR 22,1.90%,1.90%,2.90%,3.90%,,,,66%,65%,63%,61%,60%,58%,56%,54%,52%,67%,66%,64%,62%,61%,59%,57%,55%,53%,65%,64%,62%,60%,58%,56%,54%,52%,50%,1.90%,1.90%,2.90%,3.90%,5.90%,5.90%,6.9%IGS,2/28/2022,0.0014,0.0016,0.0006,0.0008,
2022,ODYSSEY,EXL Premium Color,RL6H7NJXW-P,"$37,803.64 ",$802.10 ,"$38,606 ","$41,330 ",FEB/MAR 22,1.90%,1.90%,2.90%,3.90%,,,,66%,65%,63%,61%,60%,58%,56%,54%,52%,67%,66%,64%,62%,61%,59%,57%,55%,53%,65%,64%,62%,60%,58%,56%,54%,52%,50%,1.90%,1.90%,2.90%,3.90%,5.90%,5.90%,6.9%IGS,2/28/2022,0.0014,0.0016,0.0006,0.0008,
2022,ODYSSEY,Touring,RL6H8NKXW,"$40,447.56 ",$875.00 ,"$41,323 ","$44,975 ",FEB/MAR 22,1.90%,1.90%,2.90%,3.90%,,,,67%,66%,64%,62%,61%,59%,57%,55%,53%,68%,67%,65%,63%,62%,60%,58%,56%,54%,66%,65%,63%,61%,59%,57%,55%,53%,51%,1.90%,1.90%,2.90%,3.90%,5.90%,5.90%,6.9%IGS,2/28/2022,0.0014,0.0016,0.0006,0.0008,
2022,ODYSSEY,Touring Premium Color,RL6H8NKXW-P,"$40,807.33 ",$882.90 ,"$41,690 ","$45,370 ",FEB/MAR 22,1.90%,1.90%,2.90%,3.90%,,,,67%,66%,64%,62%,61%,59%,57%,55%,53%,68%,67%,65%,63%,62%,60%,58%,56%,54%,66%,65%,63%,61%,59%,57%,55%,53%,51%,1.90%,1.90%,2.90%,3.90%,5.90%,5.90%,6.9%IGS,2/28/2022,0.0014,0.0016,0.0006,0.0008,
2022,ODYSSEY,Elite,RL6H9NKXW,"$44,942.22 ",$975.40 ,"$45,918 ","$49,995 ",FEB/MAR 22,1.90%,1.90%,2.90%,3.90%,,,,64%,63%,61%,59%,58%,56%,54%,52%,50%,65%,64%,62%,60%,59%,57%,55%,53%,51%,63%,62%,60%,58%,56%,54%,52%,50%,48%,1.90%,1.90%,2.90%,3.90%,5.90%,5.90%,6.9%IGS,2/28/2022,0.0014,0.0016,0.0006,0.0008,
2022,ODYSSEY,Elite Premium Color,RL6H9NKXW-P,"$45,301.99 ",$983.30 ,"$46,285 ","$50,390 ",FEB/MAR 22,1.90%,1.90%,2.90%,3.90%,,,,64%,63%,61%,59%,58%,56%,54%,52%,50%,65%,64%,62%,60%,59%,57%,55%,53%,51%,63%,62%,60%,58%,56%,54%,52%,50%,48%,1.90%,1.90%,2.90%,3.90%,5.90%,5.90%,6.9%IGS,2/28/2022,0.0014,0.0016,0.0006,0.0008,
2022,PASSPORT AWD,EXL,YF8H5NJNW,"$37,680.68 ",$799.40 ,"$38,480 ","$41,195 ",,1.90%,1.90%,2.90%,3.90%,,,,70%,69%,67%,65%,64%,62%,60%,58%,55%,71%,70%,68%,66%,65%,63%,61%,59%,56%,69%,68%,66%,64%,62%,60%,58%,56%,53%,1.90%,1.90%,2.90%,3.90%,5.90%,5.90%,6.9%IGS,2/28/2022,0.0018,0.00196,0.001,0.00116,
2022,PASSPORT AWD,EXL Premium Color,YF8H5NJNW-P,"$38,040.45 ",$807.30 ,"$38,848 ","$41,590 ",,1.90%,1.90%,2.90%,3.90%,,,,70%,69%,67%,65%,64%,62%,60%,58%,55%,71%,70%,68%,66%,65%,63%,61%,59%,56%,69%,68%,66%,64%,62%,60%,58%,56%,53%,1.90%,1.90%,2.90%,3.90%,5.90%,5.90%,6.9%IGS,2/28/2022,0.0018,0.00196,0.001,0.00116,
2022,PASSPORT AWD,TrailSport,YF8H6NKNW,"$39,957.68 ",$849.40 ,"$40,807 ","$43,695 ",,1.90%,1.90%,2.90%,3.90%,,,,70%,69%,67%,65%,64%,62%,60%,58%,55%,71%,70%,68%,66%,65%,63%,61%,59%,56%,69%,68%,66%,64%,62%,60%,58%,56%,53%,1.90%,1.90%,2.90%,3.90%,5.90%,5.90%,6.9%IGS,2/28/2022,0.0018,0.00196,0.001,0.00116,
2022,PASSPORT AWD,TrailSport Premium Color,YF8H6NKNW-P,"$40,317.45 ",$857.30 ,"$41,175 ","$44,090 ",,1.90%,1.90%,2.90%,3.90%,,,,70%,69%,67%,65%,64%,62%,60%,58%,55%,71%,70%,68%,66%,65%,63%,61%,59%,56%,69%,68%,66%,64%,62%,60%,58%,56%,53%,1.90%,1.90%,2.90%,3.90%,5.90%,5.90%,6.9%IGS,2/28/2022,0.0018,0.00196,0.001,0.00116,
2022,PASSPORT AWD,ELITE,YF8H0NKNW,"$41,951.75 ",$908.60 ,"$42,860 ","$46,655 ",,1.90%,1.90%,2.90%,3.90%,,,,67%,66%,64%,62%,61%,59%,57%,55%,52%,68%,67%,65%,63%,62%,60%,58%,56%,53%,66%,65%,63%,61%,59%,57%,55%,53%,50%,1.90%,1.90%,2.90%,3.90%,5.90%,5.90%,6.9%IGS,2/28/2022,0.0018,0.00196,0.001,0.00116,
2022,PASSPORT AWD,ELITE Premium Color,YF8H0NKNW-P,"$42,311.52 ",$916.50 ,"$43,228 ","$47,050 ",,1.90%,1.90%,2.90%,3.90%,,,,67%,66%,64%,62%,61%,59%,57%,55%,52%,68%,67%,65%,63%,62%,60%,58%,56%,53%,66%,65%,63%,61%,59%,57%,55%,53%,50%,1.90%,1.90%,2.90%,3.90%,5.90%,5.90%,6.9%IGS,2/28/2022,0.0018,0.00196,0.001,0.00116,
2022,PASSPORT AWD,"HPD Bronze Pkg, TRAILSP","HPD Bronze Pkg, TRAILSP",,,"$2,668 ","$2,900 ","Fender Flares, 18"" HPD Alloy Wheels, HPD Lower Door Trim, and HPD Decals",1.90%,1.90%,2.90%,3.90%,,,,1%,1%,1%,1%,2%,2%,2%,2%,2%,2%,2%,2%,2%,3%,3%,3%,3%,3%,,,,,,,,,,1.90%,1.90%,2.90%,3.90%,5.90%,5.90%,6.9%IGS,2/28/2022,0.0018,0.00196,0.001,0.00116,
2022,PASSPORT AWD,HPD Bronze Pkg,HPD Bronze Pkg,,,"$2,668 ","$2,900 ","Fender Flares, 20"" HPD Alloy Wheels , HPD Lower Door Trim, and HPD Decals",1.90%,1.90%,2.90%,3.90%,,,,1%,1%,1%,1%,2%,2%,2%,2%,2%,2%,2%,2%,2%,3%,3%,3%,3%,3%,,,,,,,,,,1.90%,1.90%,2.90%,3.90%,5.90%,5.90%,6.9%IGS,2/28/2022,0.0018,0.00196,0.001,0.00116,
2022,PASSPORT AWD,HPD Black Pkg. TRAILSP,HPD Black Pkg. TRAILSP,,,"$2,668 ","$2,900 ","Fender Flares, 18"" HPD Alloy Wheels , Black Wheel Lug Nuts, HPD Lower Door
Trim, and HPD Decals",1.90%,1.90%,2.90%,3.90%,,,,1%,1%,1%,1%,2%,2%,2%,2%,2%,2%,2%,2%,2%,3%,3%,3%,3%,3%,,,,,,,,,,1.90%,1.90%,2.90%,3.90%,5.90%,5.90%,6.9%IGS,2/28/2022,0.0018,0.00196,0.001,0.00116,
2022,PASSPORT AWD,HPD Black Pkg,HPD Black Pkg,,,"$2,668 ","$2,900 ","Fender Flares, 20"" HPD Alloy Wheels, Black Wheel Lug Nuts, HPD Lower Door
Trim, and HPD Decals",1.90%,1.90%,2.90%,3.90%,,,,1%,1%,1%,1%,2%,2%,2%,2%,2%,2%,2%,2%,2%,3%,3%,3%,3%,3%,,,,,,,,,,1.90%,1.90%,2.90%,3.90%,5.90%,5.90%,6.9%IGS,2/28/2022,0.0018,0.00196,0.001,0.00116,
2022,PASSPORT AWD,"Utility Pkg, EX-L","Utility Pkg, EX-L",,,$984 ,"$1,070 ","Roof Rails, Crossbars, and Trailer Hitch",1.90%,1.90%,2.90%,3.90%,,,,1%,1%,1%,1%,2%,2%,2%,2%,2%,2%,2%,2%,2%,3%,3%,3%,3%,3%,,,,,,,,,,1.90%,1.90%,2.90%,3.90%,5.90%,5.90%,6.9%IGS,2/28/2022,0.0018,0.00196,0.001,0.00116,
2022,PASSPORT AWD,"Utility Pkg, TRAILSP","Utility Pkg, TRAILSP",,,$567 ,$616 ,"Crossbars, and Trailer Hitch",1.90%,1.90%,2.90%,3.90%,,,,1%,1%,1%,1%,2%,2%,2%,2%,2%,2%,2%,2%,2%,3%,3%,3%,3%,3%,,,,,,,,,,1.90%,1.90%,2.90%,3.90%,5.90%,5.90%,6.9%IGS,2/28/2022,0.0018,0.00196,0.001,0.00116,
2022,PASSPORT AWD,"Utility Pkg, ELITE","Utility Pkg, ELITE",,,$673 ,$731 ,"Crossbars, Trailer Hitch, and Tailgate Kick Sensor Adaptor",1.90%,1.90%,2.90%,3.90%,,,,1%,1%,1%,1%,2%,2%,2%,2%,2%,2%,2%,2%,2%,3%,3%,3%,3%,3%,,,,,,,,,,1.90%,1.90%,2.90%,3.90%,5.90%,5.90%,6.9%IGS,2/28/2022,0.0018,0.00196,0.001,0.00116,
2022,PASSPORT AWD,Function Pkg,Function Pkg,,,$265 ,$288 ,"Cargo Net, Cargo Cover, and First Aid Kit",1.90%,1.90%,2.90%,3.90%,,,,1%,1%,1%,1%,2%,2%,2%,2%,2%,2%,2%,2%,2%,3%,3%,3%,3%,3%,,,,,,,,,,1.90%,1.90%,2.90%,3.90%,5.90%,5.90%,6.9%IGS,2/28/2022,0.0018,0.00196,0.001,0.00116,
2022,PILOT AWD,SPORT,YF6H3NEW,"$37,325.46 ",$791.60 ,"$38,117 ","$40,805 ",DESK,0.90%,0.90%,1.90%,2.90%,,,"$1,000 ",67%,66%,64%,62%,61%,59%,57%,55%,52%,68%,67%,65%,63%,62%,60%,58%,56%,53%,66%,65%,63%,61%,59%,57%,55%,53%,50%,0.90%,0.90%,1.90%,2.90%,5.90%,5.90%,6.9%IGS,2/28/2022,0.0012,0.00136,0.0004,0.00056,
2022,PILOT AWD,SPORT Premium Color,YF6H3NEW-P,"$37,685.23 ",$799.50 ,"$38,485 ","$41,200 ",DESK,0.90%,0.90%,1.90%,2.90%,,,"$1,000 ",67%,66%,64%,62%,61%,59%,57%,55%,52%,68%,67%,65%,63%,62%,60%,58%,56%,53%,66%,65%,63%,61%,59%,57%,55%,53%,50%,0.90%,0.90%,1.90%,2.90%,5.90%,5.90%,6.9%IGS,2/28/2022,0.0012,0.00136,0.0004,0.00056,
2022,PILOT AWD,EX-L,YF6H5NJNW,"$38,673.45 ",$821.20 ,"$39,495 ","$42,285 ",DESK,0.90%,0.90%,1.90%,2.90%,,,"$1,000 ",68%,67%,65%,63%,62%,60%,58%,56%,53%,69%,68%,66%,64%,63%,61%,59%,57%,54%,67%,66%,64%,62%,60%,58%,56%,54%,51%,0.90%,0.90%,1.90%,2.90%,5.90%,5.90%,6.9%IGS,2/28/2022,0.0012,0.00136,0.0004,0.00056,
2022,PILOT AWD,EX-L Premium Color,YF6H5NJNW-P,"$39,033.22 ",$829.10 ,"$39,862 ","$42,680 ",DESK,0.90%,0.90%,1.90%,2.90%,,,"$1,000 ",68%,67%,65%,63%,62%,60%,58%,56%,53%,69%,68%,66%,64%,63%,61%,59%,57%,54%,67%,66%,64%,62%,60%,58%,56%,54%,51%,0.90%,0.90%,1.90%,2.90%,5.90%,5.90%,6.9%IGS,2/28/2022,0.0012,0.00136,0.0004,0.00056,
2022,PILOT AWD,SE,YF6H2NJNW,"$39,219.93 ",$833.20 ,"$40,053 ","$42,885 ",DESK,0.90%,0.90%,1.90%,2.90%,,,"$1,000 ",67%,66%,64%,62%,61%,59%,57%,55%,52%,68%,67%,65%,63%,62%,60%,58%,56%,53%,66%,65%,63%,61%,59%,57%,55%,53%,50%,0.90%,0.90%,1.90%,2.90%,5.90%,5.90%,6.9%IGS,2/28/2022,0.0012,0.00136,0.0004,0.00056,
2022,PILOT AWD,SE Premium Color,YF6H2NJNW-P,"$39,579.70 ",$841.10 ,"$40,421 ","$43,280 ",DESK,0.90%,0.90%,1.90%,2.90%,,,"$1,000 ",67%,66%,64%,62%,61%,59%,57%,55%,52%,68%,67%,65%,63%,62%,60%,58%,56%,53%,66%,65%,63%,61%,59%,57%,55%,53%,50%,0.90%,0.90%,1.90%,2.90%,5.90%,5.90%,6.9%IGS,2/28/2022,0.0012,0.00136,0.0004,0.00056,
2022,PILOT AWD,TRAILSPORT,YF6H8NKNW,"$41,633.55 ",$886.20 ,"$42,520 ","$45,535 ",DESK,0.90%,0.90%,1.90%,2.90%,,,"$1,000 ",68%,67%,65%,63%,62%,60%,58%,56%,53%,69%,68%,66%,64%,63%,61%,59%,57%,54%,67%,66%,64%,62%,60%,58%,56%,54%,51%,0.90%,0.90%,1.90%,2.90%,5.90%,5.90%,6.9%IGS,2/28/2022,0.0012,0.00136,0.0004,0.00056,
2022,PILOT AWD,TRAILSPORT Premium Color,YF6H8NKNW-P,"$41,993.32 ",$894.10 ,"$42,887 ","$45,930 ",DESK,0.90%,0.90%,1.90%,2.90%,,,"$1,000 ",68%,67%,65%,63%,62%,60%,58%,56%,53%,69%,68%,66%,64%,63%,61%,59%,57%,54%,67%,66%,64%,62%,60%,58%,56%,54%,51%,0.90%,0.90%,1.90%,2.90%,5.90%,5.90%,6.9%IGS,2/28/2022,0.0012,0.00136,0.0004,0.00056,
2022,PILOT AWD,TRG 8 Pass.,YF6H9NKNW,"$42,121.87 ",$912.40 ,"$43,034 ","$46,845 ",DESK,0.90%,0.90%,1.90%,2.90%,,,"$1,000 ",67%,66%,64%,62%,61%,59%,57%,55%,52%,68%,67%,65%,63%,62%,60%,58%,56%,53%,66%,65%,63%,61%,59%,57%,55%,53%,50%,0.90%,0.90%,1.90%,2.90%,5.90%,5.90%,6.9%IGS,2/28/2022,0.0012,0.00136,0.0004,0.00056,
2022,PILOT AWD,TRG 8 Pass. Premium Color,YF6H9NKNW-P,"$42,481.64 ",$920.30 ,"$43,402 ","$47,240 ",DESK,0.90%,0.90%,1.90%,2.90%,,,"$1,000 ",67%,66%,64%,62%,61%,59%,57%,55%,52%,68%,67%,65%,63%,62%,60%,58%,56%,53%,66%,65%,63%,61%,59%,57%,55%,53%,50%,0.90%,0.90%,1.90%,2.90%,5.90%,5.90%,6.9%IGS,2/28/2022,0.0012,0.00136,0.0004,0.00056,
2022,PILOT AWD,TRG 7 Pass.,YF6H6NKNW,"$42,390.47 ",$918.40 ,"$43,309 ","$47,145 ",DESK,0.90%,0.90%,1.90%,2.90%,,,"$1,000 ",67%,66%,64%,62%,61%,59%,57%,55%,52%,68%,67%,65%,63%,62%,60%,58%,56%,53%,66%,65%,63%,61%,59%,57%,55%,53%,50%,0.90%,0.90%,1.90%,2.90%,5.90%,5.90%,6.9%IGS,2/28/2022,0.0012,0.00136,0.0004,0.00056,
2022,PILOT AWD,TRG 7 Pass. Premium Color,YF6H6NKNW-P,"$42,750.24 ",$926.30 ,"$43,677 ","$47,540 ",DESK,0.90%,0.90%,1.90%,2.90%,,,"$1,000 ",67%,66%,64%,62%,61%,59%,57%,55%,52%,68%,67%,65%,63%,62%,60%,58%,56%,53%,66%,65%,63%,61%,59%,57%,55%,53%,50%,0.90%,0.90%,1.90%,2.90%,5.90%,5.90%,6.9%IGS,2/28/2022,0.0012,0.00136,0.0004,0.00056,
2022,PILOT AWD,ELITE,YF6H0NKNW,"$45,255.59 ",$982.40 ,"$46,238 ","$50,345 ",DESK,0.90%,0.90%,1.90%,2.90%,,,"$1,000 ",66%,65%,63%,61%,60%,58%,56%,54%,51%,67%,66%,64%,62%,61%,59%,57%,55%,52%,65%,64%,62%,60%,58%,56%,54%,52%,49%,0.90%,0.90%,1.90%,2.90%,5.90%,5.90%,6.9%IGS,2/28/2022,0.0012,0.00136,0.0004,0.00056,
2022,PILOT AWD,ELITE Premium Color,YF6H0NKNW-P,"$45,615.36 ",$990.30 ,"$46,606 ","$50,740 ",DESK,0.90%,0.90%,1.90%,2.90%,,,"$1,000 ",66%,65%,63%,61%,60%,58%,56%,54%,51%,67%,66%,64%,62%,61%,59%,57%,55%,52%,65%,64%,62%,60%,58%,56%,54%,52%,49%,0.90%,0.90%,1.90%,2.90%,5.90%,5.90%,6.9%IGS,2/28/2022,0.0012,0.00136,0.0004,0.00056,
2022,PILOT AWD,BLACK EDITION,YF6H7NKXW,"$46,598.62 ","$1,012.40 ","$47,611 ","$51,845 ",DESK,0.90%,0.90%,1.90%,2.90%,,,"$1,000 ",66%,65%,63%,61%,60%,58%,56%,54%,51%,67%,66%,64%,62%,61%,59%,57%,55%,52%,65%,64%,62%,60%,58%,56%,54%,52%,49%,0.90%,0.90%,1.90%,2.90%,5.90%,5.90%,6.9%IGS,2/28/2022,0.0012,0.00136,0.0004,0.00056,
2022,PILOT AWD,BLACK EDITION Premium Color,YF6H7NKXW-P,"$46,958.39 ","$1,020.30 ","$47,979 ","$52,240 ",DESK,0.90%,0.90%,1.90%,2.90%,,,"$1,000 ",66%,65%,63%,61%,60%,58%,56%,54%,51%,67%,66%,64%,62%,61%,59%,57%,55%,52%,65%,64%,62%,60%,58%,56%,54%,52%,49%,0.90%,0.90%,1.90%,2.90%,5.90%,5.90%,6.9%IGS,2/28/2022,0.0012,0.00136,0.0004,0.00056,
2022,RIDGELINE AWD,SPORT,YK3F1NEW,"$35,558.51 ",$752.80 ,"$36,311 ","$38,865 ",DESK,1.90%,1.90%,2.90%,3.90%,,,,73%,72%,70%,68%,67%,65%,63%,61%,59%,74%,73%,71%,69%,68%,66%,64%,62%,60%,72%,71%,69%,67%,65%,63%,61%,59%,57%,1.90%,1.90%,2.90%,3.90%,5.90%,5.90%,6.9%IGS,2/28/2022,0.0018,0.00196,0.001,0.00116,
2022,RIDGELINE AWD,SPORT Premium Color,YK3F1NEW-P,"$35,918.28 ",$760.70 ,"$36,679 ","$39,260 ",DESK,1.90%,1.90%,2.90%,3.90%,,,,73%,72%,70%,68%,67%,65%,63%,61%,59%,74%,73%,71%,69%,68%,66%,64%,62%,60%,72%,71%,69%,67%,65%,63%,61%,59%,57%,1.90%,1.90%,2.90%,3.90%,5.90%,5.90%,6.9%IGS,2/28/2022,0.0018,0.00196,0.001,0.00116,
2022,RIDGELINE AWD,RTL,YK3F5NJNW,"$38,272.70 ",$812.40 ,"$39,085 ","$41,845 ",DESK,1.90%,1.90%,2.90%,3.90%,,,,72%,71%,69%,67%,66%,64%,62%,60%,58%,73%,72%,70%,68%,67%,65%,63%,61%,59%,71%,70%,68%,66%,64%,62%,60%,58%,56%,1.90%,1.90%,2.90%,3.90%,5.90%,5.90%,6.9%IGS,2/28/2022,0.0018,0.00196,0.001,0.00116,
2022,RIDGELINE AWD,RTL Premium Color,YK3F5NJNW-P,"$38,632.47 ",$820.30 ,"$39,453 ","$42,240 ",DESK,1.90%,1.90%,2.90%,3.90%,,,,72%,71%,69%,67%,66%,64%,62%,60%,58%,73%,72%,70%,68%,67%,65%,63%,61%,59%,71%,70%,68%,66%,64%,62%,60%,58%,56%,1.90%,1.90%,2.90%,3.90%,5.90%,5.90%,6.9%IGS,2/28/2022,0.0018,0.00196,0.001,0.00116,
2022,RIDGELINE AWD,RTL-E,YK3F7NKNW,"$40,286.40 ",$871.40 ,"$41,158 ","$44,795 ",DESK,1.90%,1.90%,2.90%,3.90%,,,,74%,73%,71%,69%,68%,66%,64%,62%,60%,75%,74%,72%,70%,69%,67%,65%,63%,61%,73%,72%,70%,68%,66%,64%,62%,60%,58%,1.90%,1.90%,2.90%,3.90%,5.90%,5.90%,6.9%IGS,2/28/2022,0.0018,0.00196,0.001,0.00116,
2022,RIDGELINE AWD,RTL-E Premium Color,YK3F7NKNW-P,"$40,646.17 ",$879.30 ,"$41,525 ","$45,190 ",DESK,1.90%,1.90%,2.90%,3.90%,,,,74%,73%,71%,69%,68%,66%,64%,62%,60%,75%,74%,72%,70%,69%,67%,65%,63%,61%,73%,72%,70%,68%,66%,64%,62%,60%,58%,1.90%,1.90%,2.90%,3.90%,5.90%,5.90%,6.9%IGS,2/28/2022,0.0018,0.00196,0.001,0.00116,
2022,RIDGELINE AWD,BLACK EDITION,YK3F8NKNW,"$41,629.42 ",$901.40 ,"$42,531 ","$46,295 ",DESK,1.90%,1.90%,2.90%,3.90%,,,,73%,72%,70%,68%,67%,65%,63%,61%,59%,74%,73%,71%,69%,68%,66%,64%,62%,60%,72%,71%,69%,67%,65%,63%,61%,59%,57%,1.90%,1.90%,2.90%,3.90%,5.90%,5.90%,6.9%IGS,2/28/2022,0.0018,0.00196,0.001,0.00116,
2022,RIDGELINE AWD,BLACK EDITION Premium Color,YK3F8NKNW-P,"$41,989.19 ",$909.30 ,"$42,898 ","$46,690 ",DESK,1.90%,1.90%,2.90%,3.90%,,,,73%,72%,70%,68%,67%,65%,63%,61%,59%,74%,73%,71%,69%,68%,66%,64%,62%,60%,72%,71%,69%,67%,65%,63%,61%,59%,57%,1.90%,1.90%,2.90%,3.90%,5.90%,5.90%,6.9%IGS,2/28/2022,0.0018,0.00196,0.001,0.00116,
2022,RIDGELINE AWD,Function Package,Function Package,,,$253 ,$275 ,"Bed Cargo Net, Trunk Cargo Net, Trunk Cargo Dividers, First Aid Kit",,,,,,,,1%,1%,1%,1%,2%,2%,2%,2%,2%,2%,2%,2%,2%,3%,3%,3%,3%,3%,,,,,,,,,,,,,,,,,,,,,,
2022,RIDGELINE AWD,Function+ Package,Function+ Package,,,"$1,228 ","$1,335 ","Hard Tonneau Cover,Bed Cargo Net, Trunk Cargo Net, Trunk Cargo Dividers, First Aid Kit",,,,,,,,1%,1%,1%,1%,2%,2%,2%,2%,2%,2%,2%,2%,2%,3%,3%,3%,3%,3%,,,,,,,,,,,,,,,,,,,,,,
2022,RIDGELINE AWD,Utility Package,Utility Package,,,"$1,375 ","$1,495 ","Running Boards, Roof Rails, Crossbars",,,,,,,,1%,1%,1%,1%,2%,2%,2%,2%,2%,2%,2%,2%,2%,3%,3%,3%,3%,3%,,,,,,,,,,,,,,,,,,,,,,
2022,RIDGELINE AWD,HPD Bronze Package,HPD Bronze Package,,,"$2,576 ","$2,800 ","Fender Flares, 18"" HPD Alloy Wheels, Grille, HPD Decals and Emblem",,,,,,,,1%,1%,1%,1%,2%,2%,2%,2%,2%,2%,2%,2%,2%,3%,3%,3%,3%,3%,,,,,,,,,,,,,,,,,,,,,,
2022,RIDGELINE AWD,HPD Black Package,HPD Black Package,,,"$2,576 ","$2,800 ","Fender Flares, 18"" HPD Alloy Wheels, Black Lug Nuts, Grille, HPD Decals and Emblem",,,,,,,,1%,1%,1%,1%,2%,2%,2%,2%,2%,2%,2%,2%,2%,3%,3%,3%,3%,3%,,,,,,,,,,,,,,,,,,,,,,
,,,,,,,,,,,,,,,,2401%,2701%,3001%,3301%,3602%,3902%,4202%,4502%,4802%,2402%,2702%,3002%,3302%,3603%,3903%,4203%,4503%,4803%,2400%,2700%,3000%,3300%,3600%,3900%,4200%,4500%,4800%,,,,,,,,,,,,,
